This is XeTeX, Version 3.141592653-2.6-0.999993 (TeX Live 2022/dev/Debian) (preloaded format=xelatex 2026.6.9)  29 JUN 2026 10:17
entering extended mode
 restricted \write18 enabled.
 %&-line parsing enabled.
**main.tex
(./main.tex
LaTeX2e <2021-11-15> patch level 1
L3 programming layer <2022-01-21>
(/usr/share/texlive/texmf-dist/tex/latex/base/report.cls
Document Class: report 2021/10/04 v1.4n Standard LaTeX document class
(/usr/share/texlive/texmf-dist/tex/latex/base/size11.clo
File: size11.clo 2021/10/04 v1.4n Standard LaTeX file (size option)
)
\c@part=\count181
\c@chapter=\count182
\c@section=\count183
\c@subsection=\count184
\c@subsubsection=\count185
\c@paragraph=\count186
\c@subparagraph=\count187
\c@figure=\count188
\c@table=\count189
\abovecaptionskip=\skip47
\belowcaptionskip=\skip48
\bibindent=\dimen138
)
(/usr/share/texlive/texmf-dist/tex/latex/fontspec/fontspec.sty
(/usr/share/texlive/texmf-dist/tex/latex/l3packages/xparse/xparse.sty
(/usr/share/texlive/texmf-dist/tex/latex/l3kernel/expl3.sty
Package: expl3 2022-01-21 L3 programming layer (loader) 

(/usr/share/texlive/texmf-dist/tex/latex/l3backend/l3backend-xetex.def
File: l3backend-xetex.def 2022-01-12 L3 backend support: XeTeX

(|extractbb --version)
\c__kernel_sys_dvipdfmx_version_int=\count190
\l__color_backend_stack_int=\count191
\g__color_backend_stack_int=\count192
\g__graphics_track_int=\count193
\l__pdf_internal_box=\box50
\g__pdf_backend_object_int=\count194
\g__pdf_backend_annotation_int=\count195
\g__pdf_backend_link_int=\count196
))
Package: xparse 2022-01-12 L3 Experimental document command parser
)
Package: fontspec 2022/01/15 v2.8a Font selection for XeLaTeX and LuaLaTeX

(/usr/share/texlive/texmf-dist/tex/latex/fontspec/fontspec-xetex.sty
Package: fontspec-xetex 2022/01/15 v2.8a Font selection for XeLaTeX and LuaLaTe
X
\l__fontspec_script_int=\count197
\l__fontspec_language_int=\count198
\l__fontspec_strnum_int=\count199
\l__fontspec_tmp_int=\count266
\l__fontspec_tmpa_int=\count267
\l__fontspec_tmpb_int=\count268
\l__fontspec_tmpc_int=\count269
\l__fontspec_em_int=\count270
\l__fontspec_emdef_int=\count271
\l__fontspec_strong_int=\count272
\l__fontspec_strongdef_int=\count273
\l__fontspec_tmpa_dim=\dimen139
\l__fontspec_tmpb_dim=\dimen140
\l__fontspec_tmpc_dim=\dimen141

(/usr/share/texlive/texmf-dist/tex/latex/base/fontenc.sty
Package: fontenc 2021/04/29 v2.0v Standard LaTeX package
)
(/usr/share/texlive/texmf-dist/tex/latex/fontspec/fontspec.cfg)))

Package fontspec Info: Font family 'DejaVuSerif(0)' created for font 'DejaVu
(fontspec)             Serif' with options [Ligatures=TeX].
(fontspec)              
(fontspec)              This font family consists of the following NFSS
(fontspec)             series/shapes:
(fontspec)              
(fontspec)             - 'normal' (m/n) with NFSS spec.: <->"DejaVu
(fontspec)             Serif/OT:script=latn;language=dflt;mapping=tex-text;"
(fontspec)             - 'small caps'  (m/sc) with NFSS spec.: 
(fontspec)             - 'bold' (b/n) with NFSS spec.: <->"DejaVu
(fontspec)             Serif/B/OT:script=latn;language=dflt;mapping=tex-text;"
(fontspec)             - 'bold small caps'  (b/sc) with NFSS spec.: 
(fontspec)             - 'italic' (m/it) with NFSS spec.: <->"DejaVu
(fontspec)             Serif/I/OT:script=latn;language=dflt;mapping=tex-text;"
(fontspec)             - 'italic small caps'  (m/scit) with NFSS spec.: 
(fontspec)             - 'bold italic' (b/it) with NFSS spec.: <->"DejaVu
(fontspec)             Serif/BI/OT:script=latn;language=dflt;mapping=tex-text;"

(fontspec)             - 'bold italic small caps'  (b/scit) with NFSS spec.: 


Package fontspec Info: Font family 'DejaVuSans(0)' created for font 'DejaVu
(fontspec)             Sans' with options [Ligatures=TeX].
(fontspec)              
(fontspec)              This font family consists of the following NFSS
(fontspec)             series/shapes:
(fontspec)              
(fontspec)             - 'normal' (m/n) with NFSS spec.: <->"DejaVu
(fontspec)             Sans/OT:script=latn;language=dflt;mapping=tex-text;"
(fontspec)             - 'small caps'  (m/sc) with NFSS spec.: 
(fontspec)             - 'bold' (b/n) with NFSS spec.: <->"DejaVu
(fontspec)             Sans/B/OT:script=latn;language=dflt;mapping=tex-text;"
(fontspec)             - 'bold small caps'  (b/sc) with NFSS spec.: 
(fontspec)             - 'italic' (m/it) with NFSS spec.: <->"DejaVu
(fontspec)             Sans/I/OT:script=latn;language=dflt;mapping=tex-text;"
(fontspec)             - 'italic small caps'  (m/scit) with NFSS spec.: 
(fontspec)             - 'bold italic' (b/it) with NFSS spec.: <->"DejaVu
(fontspec)             Sans/BI/OT:script=latn;language=dflt;mapping=tex-text;"
(fontspec)             - 'bold italic small caps'  (b/scit) with NFSS spec.: 


Package fontspec Info: Font family 'DejaVuSansMono(0)' created for font
(fontspec)             'DejaVu Sans Mono' with options
(fontspec)             [WordSpace={1,0,0},HyphenChar=None,PunctuationSpace=Word
Space].
(fontspec)              
(fontspec)              This font family consists of the following NFSS
(fontspec)             series/shapes:
(fontspec)              
(fontspec)             - 'normal' (m/n) with NFSS spec.: <->"DejaVu Sans
(fontspec)             Mono/OT:script=latn;language=dflt;"
(fontspec)             - 'small caps'  (m/sc) with NFSS spec.: 
(fontspec)             and font adjustment code:
(fontspec)             \fontdimen 2\font =1\fontdimen 2\font \fontdimen 3\font
(fontspec)             =0\fontdimen 3\font \fontdimen 4\font =0\fontdimen
(fontspec)             4\font \fontdimen 7\font =0\fontdimen 2\font
(fontspec)             \tex_hyphenchar:D \font =-1\scan_stop: 
(fontspec)             - 'bold' (b/n) with NFSS spec.: <->"DejaVu Sans
(fontspec)             Mono/B/OT:script=latn;language=dflt;"
(fontspec)             - 'bold small caps'  (b/sc) with NFSS spec.: 
(fontspec)             and font adjustment code:
(fontspec)             \fontdimen 2\font =1\fontdimen 2\font \fontdimen 3\font
(fontspec)             =0\fontdimen 3\font \fontdimen 4\font =0\fontdimen
(fontspec)             4\font \fontdimen 7\font =0\fontdimen 2\font
(fontspec)             \tex_hyphenchar:D \font =-1\scan_stop: 
(fontspec)             - 'italic' (m/it) with NFSS spec.: <->"DejaVu Sans
(fontspec)             Mono/I/OT:script=latn;language=dflt;"
(fontspec)             - 'italic small caps'  (m/scit) with NFSS spec.: 
(fontspec)             and font adjustment code:
(fontspec)             \fontdimen 2\font =1\fontdimen 2\font \fontdimen 3\font
(fontspec)             =0\fontdimen 3\font \fontdimen 4\font =0\fontdimen
(fontspec)             4\font \fontdimen 7\font =0\fontdimen 2\font
(fontspec)             \tex_hyphenchar:D \font =-1\scan_stop: 
(fontspec)             - 'bold italic' (b/it) with NFSS spec.: <->"DejaVu Sans
(fontspec)             Mono/BI/OT:script=latn;language=dflt;"
(fontspec)             - 'bold italic small caps'  (b/scit) with NFSS spec.: 
(fontspec)             and font adjustment code:
(fontspec)             \fontdimen 2\font =1\fontdimen 2\font \fontdimen 3\font
(fontspec)             =0\fontdimen 3\font \fontdimen 4\font =0\fontdimen
(fontspec)             4\font \fontdimen 7\font =0\fontdimen 2\font
(fontspec)             \tex_hyphenchar:D \font =-1\scan_stop: 


(/usr/share/texlive/texmf-dist/tex/latex/geometry/geometry.sty
Package: geometry 2020/01/02 v5.9 Page Geometry

(/usr/share/texlive/texmf-dist/tex/latex/graphics/keyval.sty
Package: keyval 2014/10/28 v1.15 key=value parser (DPC)
\KV@toks@=\toks16
)
(/usr/share/texlive/texmf-dist/tex/generic/iftex/ifvtex.sty
Package: ifvtex 2019/10/25 v1.7 ifvtex legacy package. Use iftex instead.

(/usr/share/texlive/texmf-dist/tex/generic/iftex/iftex.sty
Package: iftex 2020/03/06 v1.0d TeX engine tests
))
\Gm@cnth=\count274
\Gm@cntv=\count275
\c@Gm@tempcnt=\count276
\Gm@bindingoffset=\dimen142
\Gm@wd@mp=\dimen143
\Gm@odd@mp=\dimen144
\Gm@even@mp=\dimen145
\Gm@layoutwidth=\dimen146
\Gm@layoutheight=\dimen147
\Gm@layouthoffset=\dimen148
\Gm@layoutvoffset=\dimen149
\Gm@dimlist=\toks17
)
(/usr/share/texlive/texmf-dist/tex/latex/fancyhdr/fancyhdr.sty
Package: fancyhdr 2021/01/28 v4.0.1 Extensive control of page headers and foote
rs
\f@nch@headwidth=\skip49
\f@nch@O@elh=\skip50
\f@nch@O@erh=\skip51
\f@nch@O@olh=\skip52
\f@nch@O@orh=\skip53
\f@nch@O@elf=\skip54
\f@nch@O@erf=\skip55
\f@nch@O@olf=\skip56
\f@nch@O@orf=\skip57
)
(/usr/share/texlive/texmf-dist/tex/latex/graphics/graphicx.sty
Package: graphicx 2021/09/16 v1.2d Enhanced LaTeX Graphics (DPC,SPQR)

(/usr/share/texlive/texmf-dist/tex/latex/graphics/graphics.sty
Package: graphics 2021/03/04 v1.4d Standard LaTeX Graphics (DPC,SPQR)

(/usr/share/texlive/texmf-dist/tex/latex/graphics/trig.sty
Package: trig 2021/08/11 v1.11 sin cos tan (DPC)
)
(/usr/share/texlive/texmf-dist/tex/latex/graphics-cfg/graphics.cfg
File: graphics.cfg 2016/06/04 v1.11 sample graphics configuration
)
Package graphics Info: Driver file: xetex.def on input line 107.

(/usr/share/texlive/texmf-dist/tex/latex/graphics-def/xetex.def
File: xetex.def 2021/03/18 v5.0k Graphics/color driver for xetex
))
\Gin@req@height=\dimen150
\Gin@req@width=\dimen151
)
(/usr/share/texlive/texmf-dist/tex/latex/booktabs/booktabs.sty
Package: booktabs 2020/01/12 v1.61803398 Publication quality tables
\heavyrulewidth=\dimen152
\lightrulewidth=\dimen153
\cmidrulewidth=\dimen154
\belowrulesep=\dimen155
\belowbottomsep=\dimen156
\aboverulesep=\dimen157
\abovetopsep=\dimen158
\cmidrulesep=\dimen159
\cmidrulekern=\dimen160
\defaultaddspace=\dimen161
\@cmidla=\count277
\@cmidlb=\count278
\@aboverulesep=\dimen162
\@belowrulesep=\dimen163
\@thisruleclass=\count279
\@lastruleclass=\count280
\@thisrulewidth=\dimen164
)
(/usr/share/texlive/texmf-dist/tex/latex/tools/longtable.sty
Package: longtable 2021-09-01 v4.17 Multi-page Table package (DPC)
\LTleft=\skip58
\LTright=\skip59
\LTpre=\skip60
\LTpost=\skip61
\LTchunksize=\count281
\LTcapwidth=\dimen165
\LT@head=\box51
\LT@firsthead=\box52
\LT@foot=\box53
\LT@lastfoot=\box54
\LT@gbox=\box55
\LT@cols=\count282
\LT@rows=\count283
\c@LT@tables=\count284
\c@LT@chunks=\count285
\LT@p@ftn=\toks18
)
(/usr/share/texlive/texmf-dist/tex/latex/tools/array.sty
Package: array 2021/10/04 v2.5f Tabular extension package (FMi)
\col@sep=\dimen166
\ar@mcellbox=\box56
\extrarowheight=\dimen167
\NC@list=\toks19
\extratabsurround=\skip62
\backup@length=\skip63
\ar@cellbox=\box57
)
(/usr/share/texlive/texmf-dist/tex/latex/xcolor/xcolor.sty
Package: xcolor 2021/10/31 v2.13 LaTeX color extensions (UK)

(/usr/share/texlive/texmf-dist/tex/latex/graphics-cfg/color.cfg
File: color.cfg 2016/01/02 v1.6 sample color configuration
)
Package xcolor Info: Driver file: xetex.def on input line 227.

(/usr/share/texlive/texmf-dist/tex/latex/colortbl/colortbl.sty
Package: colortbl 2020/01/04 v1.0e Color table columns (DPC)
\everycr=\toks20
\minrowclearance=\skip64
)
\rownum=\count286
Package xcolor Info: Model `cmy' substituted by `cmy0' on input line 1352.
Package xcolor Info: Model `RGB' extended on input line 1368.
Package xcolor Info: Model `HTML' substituted by `rgb' on input line 1370.
Package xcolor Info: Model `Hsb' substituted by `hsb' on input line 1371.
Package xcolor Info: Model `tHsb' substituted by `hsb' on input line 1372.
Package xcolor Info: Model `HSB' substituted by `hsb' on input line 1373.
Package xcolor Info: Model `Gray' substituted by `gray' on input line 1374.
Package xcolor Info: Model `wave' substituted by `hsb' on input line 1375.
)
(/usr/share/texlive/texmf-dist/tex/latex/tcolorbox/tcolorbox.sty
Package: tcolorbox 2022/01/07 version 5.0.2 text color boxes

(/usr/share/texlive/texmf-dist/tex/latex/pgf/basiclayer/pgf.sty
(/usr/share/texlive/texmf-dist/tex/latex/pgf/utilities/pgfrcs.sty
(/usr/share/texlive/texmf-dist/tex/generic/pgf/utilities/pgfutil-common.tex
\pgfutil@everybye=\toks21
\pgfutil@tempdima=\dimen168
\pgfutil@tempdimb=\dimen169

(/usr/share/texlive/texmf-dist/tex/generic/pgf/utilities/pgfutil-common-lists.t
ex)) (/usr/share/texlive/texmf-dist/tex/generic/pgf/utilities/pgfutil-latex.def
\pgfutil@abb=\box58
) (/usr/share/texlive/texmf-dist/tex/generic/pgf/utilities/pgfrcs.code.tex
(/usr/share/texlive/texmf-dist/tex/generic/pgf/pgf.revision.tex)
Package: pgfrcs 2021/05/15 v3.1.9a (3.1.9a)
))
Package: pgf 2021/05/15 v3.1.9a (3.1.9a)

(/usr/share/texlive/texmf-dist/tex/latex/pgf/basiclayer/pgfcore.sty
(/usr/share/texlive/texmf-dist/tex/latex/pgf/systemlayer/pgfsys.sty
(/usr/share/texlive/texmf-dist/tex/generic/pgf/systemlayer/pgfsys.code.tex
Package: pgfsys 2021/05/15 v3.1.9a (3.1.9a)

(/usr/share/texlive/texmf-dist/tex/generic/pgf/utilities/pgfkeys.code.tex
\pgfkeys@pathtoks=\toks22
\pgfkeys@temptoks=\toks23

(/usr/share/texlive/texmf-dist/tex/generic/pgf/utilities/pgfkeysfiltered.code.t
ex
\pgfkeys@tmptoks=\toks24
))
\pgf@x=\dimen170
\pgf@y=\dimen171
\pgf@xa=\dimen172
\pgf@ya=\dimen173
\pgf@xb=\dimen174
\pgf@yb=\dimen175
\pgf@xc=\dimen176
\pgf@yc=\dimen177
\pgf@xd=\dimen178
\pgf@yd=\dimen179
\w@pgf@writea=\write3
\r@pgf@reada=\read2
\c@pgf@counta=\count287
\c@pgf@countb=\count288
\c@pgf@countc=\count289
\c@pgf@countd=\count290
\t@pgf@toka=\toks25
\t@pgf@tokb=\toks26
\t@pgf@tokc=\toks27
\pgf@sys@id@count=\count291
 (/usr/share/texlive/texmf-dist/tex/generic/pgf/systemlayer/pgf.cfg
File: pgf.cfg 2021/05/15 v3.1.9a (3.1.9a)
)
Driver file for pgf: pgfsys-xetex.def

(/usr/share/texlive/texmf-dist/tex/generic/pgf/systemlayer/pgfsys-xetex.def
File: pgfsys-xetex.def 2021/05/15 v3.1.9a (3.1.9a)

(/usr/share/texlive/texmf-dist/tex/generic/pgf/systemlayer/pgfsys-dvipdfmx.def
File: pgfsys-dvipdfmx.def 2021/05/15 v3.1.9a (3.1.9a)

(/usr/share/texlive/texmf-dist/tex/generic/pgf/systemlayer/pgfsys-common-pdf.de
f
File: pgfsys-common-pdf.def 2021/05/15 v3.1.9a (3.1.9a)
)
\pgfsys@objnum=\count292
)))
(/usr/share/texlive/texmf-dist/tex/generic/pgf/systemlayer/pgfsyssoftpath.code.
tex
File: pgfsyssoftpath.code.tex 2021/05/15 v3.1.9a (3.1.9a)
\pgfsyssoftpath@smallbuffer@items=\count293
\pgfsyssoftpath@bigbuffer@items=\count294
)
(/usr/share/texlive/texmf-dist/tex/generic/pgf/systemlayer/pgfsysprotocol.code.
tex
File: pgfsysprotocol.code.tex 2021/05/15 v3.1.9a (3.1.9a)
))
(/usr/share/texlive/texmf-dist/tex/generic/pgf/basiclayer/pgfcore.code.tex
Package: pgfcore 2021/05/15 v3.1.9a (3.1.9a)

(/usr/share/texlive/texmf-dist/tex/generic/pgf/math/pgfmath.code.tex
(/usr/share/texlive/texmf-dist/tex/generic/pgf/math/pgfmathcalc.code.tex
(/usr/share/texlive/texmf-dist/tex/generic/pgf/math/pgfmathutil.code.tex)
(/usr/share/texlive/texmf-dist/tex/generic/pgf/math/pgfmathparser.code.tex
\pgfmath@dimen=\dimen180
\pgfmath@count=\count295
\pgfmath@box=\box59
\pgfmath@toks=\toks28
\pgfmath@stack@operand=\toks29
\pgfmath@stack@operation=\toks30
)
(/usr/share/texlive/texmf-dist/tex/generic/pgf/math/pgfmathfunctions.code.tex
(/usr/share/texlive/texmf-dist/tex/generic/pgf/math/pgfmathfunctions.basic.code
.tex)
(/usr/share/texlive/texmf-dist/tex/generic/pgf/math/pgfmathfunctions.trigonomet
ric.code.tex)
(/usr/share/texlive/texmf-dist/tex/generic/pgf/math/pgfmathfunctions.random.cod
e.tex)
(/usr/share/texlive/texmf-dist/tex/generic/pgf/math/pgfmathfunctions.comparison
.code.tex)
(/usr/share/texlive/texmf-dist/tex/generic/pgf/math/pgfmathfunctions.base.code.
tex)
(/usr/share/texlive/texmf-dist/tex/generic/pgf/math/pgfmathfunctions.round.code
.tex)
(/usr/share/texlive/texmf-dist/tex/generic/pgf/math/pgfmathfunctions.misc.code.
tex)
(/usr/share/texlive/texmf-dist/tex/generic/pgf/math/pgfmathfunctions.integerari
thmetics.code.tex)))
(/usr/share/texlive/texmf-dist/tex/generic/pgf/math/pgfmathfloat.code.tex
\c@pgfmathroundto@lastzeros=\count296
))
(/usr/share/texlive/texmf-dist/tex/generic/pgf/math/pgfint.code.tex)
(/usr/share/texlive/texmf-dist/tex/generic/pgf/basiclayer/pgfcorepoints.code.te
x
File: pgfcorepoints.code.tex 2021/05/15 v3.1.9a (3.1.9a)
\pgf@picminx=\dimen181
\pgf@picmaxx=\dimen182
\pgf@picminy=\dimen183
\pgf@picmaxy=\dimen184
\pgf@pathminx=\dimen185
\pgf@pathmaxx=\dimen186
\pgf@pathminy=\dimen187
\pgf@pathmaxy=\dimen188
\pgf@xx=\dimen189
\pgf@xy=\dimen190
\pgf@yx=\dimen191
\pgf@yy=\dimen192
\pgf@zx=\dimen193
\pgf@zy=\dimen194
)
(/usr/share/texlive/texmf-dist/tex/generic/pgf/basiclayer/pgfcorepathconstruct.
code.tex
File: pgfcorepathconstruct.code.tex 2021/05/15 v3.1.9a (3.1.9a)
\pgf@path@lastx=\dimen195
\pgf@path@lasty=\dimen196
)
(/usr/share/texlive/texmf-dist/tex/generic/pgf/basiclayer/pgfcorepathusage.code
.tex
File: pgfcorepathusage.code.tex 2021/05/15 v3.1.9a (3.1.9a)
\pgf@shorten@end@additional=\dimen197
\pgf@shorten@start@additional=\dimen198
)
(/usr/share/texlive/texmf-dist/tex/generic/pgf/basiclayer/pgfcorescopes.code.te
x
File: pgfcorescopes.code.tex 2021/05/15 v3.1.9a (3.1.9a)
\pgfpic=\box60
\pgf@hbox=\box61
\pgf@layerbox@main=\box62
\pgf@picture@serial@count=\count297
)
(/usr/share/texlive/texmf-dist/tex/generic/pgf/basiclayer/pgfcoregraphicstate.c
ode.tex
File: pgfcoregraphicstate.code.tex 2021/05/15 v3.1.9a (3.1.9a)
\pgflinewidth=\dimen199
)
(/usr/share/texlive/texmf-dist/tex/generic/pgf/basiclayer/pgfcoretransformation
s.code.tex
File: pgfcoretransformations.code.tex 2021/05/15 v3.1.9a (3.1.9a)
\pgf@pt@x=\dimen256
\pgf@pt@y=\dimen257
\pgf@pt@temp=\dimen258
)
(/usr/share/texlive/texmf-dist/tex/generic/pgf/basiclayer/pgfcorequick.code.tex
File: pgfcorequick.code.tex 2021/05/15 v3.1.9a (3.1.9a)
)
(/usr/share/texlive/texmf-dist/tex/generic/pgf/basiclayer/pgfcoreobjects.code.t
ex
File: pgfcoreobjects.code.tex 2021/05/15 v3.1.9a (3.1.9a)
)
(/usr/share/texlive/texmf-dist/tex/generic/pgf/basiclayer/pgfcorepathprocessing
.code.tex
File: pgfcorepathprocessing.code.tex 2021/05/15 v3.1.9a (3.1.9a)
)
(/usr/share/texlive/texmf-dist/tex/generic/pgf/basiclayer/pgfcorearrows.code.te
x
File: pgfcorearrows.code.tex 2021/05/15 v3.1.9a (3.1.9a)
\pgfarrowsep=\dimen259
)
(/usr/share/texlive/texmf-dist/tex/generic/pgf/basiclayer/pgfcoreshade.code.tex
File: pgfcoreshade.code.tex 2021/05/15 v3.1.9a (3.1.9a)
\pgf@max=\dimen260
\pgf@sys@shading@range@num=\count298
\pgf@shadingcount=\count299
)
(/usr/share/texlive/texmf-dist/tex/generic/pgf/basiclayer/pgfcoreimage.code.tex
File: pgfcoreimage.code.tex 2021/05/15 v3.1.9a (3.1.9a)

(/usr/share/texlive/texmf-dist/tex/generic/pgf/basiclayer/pgfcoreexternal.code.
tex
File: pgfcoreexternal.code.tex 2021/05/15 v3.1.9a (3.1.9a)
\pgfexternal@startupbox=\box63
))
(/usr/share/texlive/texmf-dist/tex/generic/pgf/basiclayer/pgfcorelayers.code.te
x
File: pgfcorelayers.code.tex 2021/05/15 v3.1.9a (3.1.9a)
)
(/usr/share/texlive/texmf-dist/tex/generic/pgf/basiclayer/pgfcoretransparency.c
ode.tex
File: pgfcoretransparency.code.tex 2021/05/15 v3.1.9a (3.1.9a)
)
(/usr/share/texlive/texmf-dist/tex/generic/pgf/basiclayer/pgfcorepatterns.code.
tex
File: pgfcorepatterns.code.tex 2021/05/15 v3.1.9a (3.1.9a)
)
(/usr/share/texlive/texmf-dist/tex/generic/pgf/basiclayer/pgfcorerdf.code.tex
File: pgfcorerdf.code.tex 2021/05/15 v3.1.9a (3.1.9a)
)))
(/usr/share/texlive/texmf-dist/tex/generic/pgf/modules/pgfmoduleshapes.code.tex
File: pgfmoduleshapes.code.tex 2021/05/15 v3.1.9a (3.1.9a)
\pgfnodeparttextbox=\box64
) (/usr/share/texlive/texmf-dist/tex/generic/pgf/modules/pgfmoduleplot.code.tex
File: pgfmoduleplot.code.tex 2021/05/15 v3.1.9a (3.1.9a)
)
(/usr/share/texlive/texmf-dist/tex/latex/pgf/compatibility/pgfcomp-version-0-65
.sty
Package: pgfcomp-version-0-65 2021/05/15 v3.1.9a (3.1.9a)
\pgf@nodesepstart=\dimen261
\pgf@nodesepend=\dimen262
)
(/usr/share/texlive/texmf-dist/tex/latex/pgf/compatibility/pgfcomp-version-1-18
.sty
Package: pgfcomp-version-1-18 2021/05/15 v3.1.9a (3.1.9a)
)) (/usr/share/texlive/texmf-dist/tex/latex/tools/verbatim.sty
Package: verbatim 2020-07-07 v1.5u LaTeX2e package for verbatim enhancements
\every@verbatim=\toks31
\verbatim@line=\toks32
\verbatim@in@stream=\read3
)
(/usr/share/texlive/texmf-dist/tex/latex/environ/environ.sty
Package: environ 2014/05/04 v0.3 A new way to define environments

(/usr/share/texlive/texmf-dist/tex/latex/trimspaces/trimspaces.sty
Package: trimspaces 2009/09/17 v1.1 Trim spaces around a token list
)
\@envbody=\toks33
)
(/usr/share/texlive/texmf-dist/tex/latex/etoolbox/etoolbox.sty
Package: etoolbox 2020/10/05 v2.5k e-TeX tools for LaTeX (JAW)
\etb@tempcnta=\count300
)
\tcb@titlebox=\box65
\tcb@upperbox=\box66
\tcb@lowerbox=\box67
\tcb@phantombox=\box68
\c@tcbbreakpart=\count301
\c@tcblayer=\count302
\c@tcolorbox@number=\count303
\tcb@temp=\box69
\tcb@temp=\box70
\tcb@temp=\box71
\tcb@temp=\box72
)
(/usr/share/texlive/texmf-dist/tex/latex/tcolorbox/tcbbreakable.code.tex
Library (tcolorbox): 'tcbbreakable.code.tex' version '5.0.2'
(/usr/share/texlive/texmf-dist/tex/generic/oberdiek/pdfcol.sty
Package: pdfcol 2019/12/29 v1.6 Handle new color stacks for pdfTeX (HO)

(/usr/share/texlive/texmf-dist/tex/generic/ltxcmds/ltxcmds.sty
Package: ltxcmds 2020-05-10 v1.25 LaTeX kernel commands for general use (HO)
)
(/usr/share/texlive/texmf-dist/tex/generic/infwarerr/infwarerr.sty
Package: infwarerr 2019/12/03 v1.5 Providing info/warning/error messages (HO)
)
Package pdfcol Info: Interface disabled because of missing PDF mode of pdfTeX.
)
Package pdfcol Info: pdfTeX's color stacks are not available.
\tcb@testbox=\box73
\tcb@totalupperbox=\box74
\tcb@totallowerbox=\box75
)
(/usr/share/texlive/texmf-dist/tex/latex/tcolorbox/tcbskins.code.tex
Library (tcolorbox): 'tcbskins.code.tex' version '5.0.2'
(/usr/share/texlive/texmf-dist/tex/latex/pgf/frontendlayer/tikz.sty
(/usr/share/texlive/texmf-dist/tex/latex/pgf/utilities/pgffor.sty
(/usr/share/texlive/texmf-dist/tex/latex/pgf/utilities/pgfkeys.sty
(/usr/share/texlive/texmf-dist/tex/generic/pgf/utilities/pgfkeys.code.tex))
(/usr/share/texlive/texmf-dist/tex/latex/pgf/math/pgfmath.sty
(/usr/share/texlive/texmf-dist/tex/generic/pgf/math/pgfmath.code.tex))
(/usr/share/texlive/texmf-dist/tex/generic/pgf/utilities/pgffor.code.tex
Package: pgffor 2021/05/15 v3.1.9a (3.1.9a)

(/usr/share/texlive/texmf-dist/tex/generic/pgf/math/pgfmath.code.tex)
\pgffor@iter=\dimen263
\pgffor@skip=\dimen264
\pgffor@stack=\toks34
\pgffor@toks=\toks35
))
(/usr/share/texlive/texmf-dist/tex/generic/pgf/frontendlayer/tikz/tikz.code.tex
Package: tikz 2021/05/15 v3.1.9a (3.1.9a)

(/usr/share/texlive/texmf-dist/tex/generic/pgf/libraries/pgflibraryplothandlers
.code.tex
File: pgflibraryplothandlers.code.tex 2021/05/15 v3.1.9a (3.1.9a)
\pgf@plot@mark@count=\count304
\pgfplotmarksize=\dimen265
)
\tikz@lastx=\dimen266
\tikz@lasty=\dimen267
\tikz@lastxsaved=\dimen268
\tikz@lastysaved=\dimen269
\tikz@lastmovetox=\dimen270
\tikz@lastmovetoy=\dimen271
\tikzleveldistance=\dimen272
\tikzsiblingdistance=\dimen273
\tikz@figbox=\box76
\tikz@figbox@bg=\box77
\tikz@tempbox=\box78
\tikz@tempbox@bg=\box79
\tikztreelevel=\count305
\tikznumberofchildren=\count306
\tikznumberofcurrentchild=\count307
\tikz@fig@count=\count308

(/usr/share/texlive/texmf-dist/tex/generic/pgf/modules/pgfmodulematrix.code.tex
File: pgfmodulematrix.code.tex 2021/05/15 v3.1.9a (3.1.9a)
\pgfmatrixcurrentrow=\count309
\pgfmatrixcurrentcolumn=\count310
\pgf@matrix@numberofcolumns=\count311
)
\tikz@expandcount=\count312

(/usr/share/texlive/texmf-dist/tex/generic/pgf/frontendlayer/tikz/libraries/tik
zlibrarytopaths.code.tex
File: tikzlibrarytopaths.code.tex 2021/05/15 v3.1.9a (3.1.9a)
)))
\tcb@waterbox=\box80

(/usr/share/texlive/texmf-dist/tex/latex/tcolorbox/tcbskinsjigsaw.code.tex
Library (tcolorbox): 'tcbskinsjigsaw.code.tex' version '5.0.2'
)) (/usr/share/texlive/texmf-dist/tex/latex/enumitem/enumitem.sty
Package: enumitem 2019/06/20 v3.9 Customized lists
\labelindent=\skip65
\enit@outerparindent=\dimen274
\enit@toks=\toks36
\enit@inbox=\box81
\enit@count@id=\count313
\enitdp@description=\count314
)
(/usr/share/texlive/texmf-dist/tex/latex/hyperref/hyperref.sty
Package: hyperref 2021-06-07 v7.00m Hypertext links for LaTeX

(/usr/share/texlive/texmf-dist/tex/generic/pdftexcmds/pdftexcmds.sty
Package: pdftexcmds 2020-06-27 v0.33 Utility functions of pdfTeX for LuaTeX (HO
)
Package pdftexcmds Info: \pdf@primitive is available.
Package pdftexcmds Info: \pdf@ifprimitive is available.
Package pdftexcmds Info: \pdfdraftmode not found.
)
(/usr/share/texlive/texmf-dist/tex/generic/kvsetkeys/kvsetkeys.sty
Package: kvsetkeys 2019/12/15 v1.18 Key value parser (HO)
)
(/usr/share/texlive/texmf-dist/tex/generic/kvdefinekeys/kvdefinekeys.sty
Package: kvdefinekeys 2019-12-19 v1.6 Define keys (HO)
)
(/usr/share/texlive/texmf-dist/tex/generic/pdfescape/pdfescape.sty
Package: pdfescape 2019/12/09 v1.15 Implements pdfTeX's escape features (HO)
)
(/usr/share/texlive/texmf-dist/tex/latex/hycolor/hycolor.sty
Package: hycolor 2020-01-27 v1.10 Color options for hyperref/bookmark (HO)
)
(/usr/share/texlive/texmf-dist/tex/latex/letltxmacro/letltxmacro.sty
Package: letltxmacro 2019/12/03 v1.6 Let assignment for LaTeX macros (HO)
)
(/usr/share/texlive/texmf-dist/tex/latex/auxhook/auxhook.sty
Package: auxhook 2019-12-17 v1.6 Hooks for auxiliary files (HO)
)
(/usr/share/texlive/texmf-dist/tex/latex/kvoptions/kvoptions.sty
Package: kvoptions 2020-10-07 v3.14 Key value format for package options (HO)
)
\@linkdim=\dimen275
\Hy@linkcounter=\count315
\Hy@pagecounter=\count316

(/usr/share/texlive/texmf-dist/tex/latex/hyperref/pd1enc.def
File: pd1enc.def 2021-06-07 v7.00m Hyperref: PDFDocEncoding definition (HO)
)
(/usr/share/texlive/texmf-dist/tex/latex/hyperref/hyperref-langpatches.def
File: hyperref-langpatches.def 2021-06-07 v7.00m Hyperref: patches for babel la
nguages
)
(/usr/share/texlive/texmf-dist/tex/generic/intcalc/intcalc.sty
Package: intcalc 2019/12/15 v1.3 Expandable calculations with integers (HO)
)
(/usr/share/texlive/texmf-dist/tex/generic/etexcmds/etexcmds.sty
Package: etexcmds 2019/12/15 v1.7 Avoid name clashes with e-TeX commands (HO)
)
\Hy@SavedSpaceFactor=\count317

(/usr/share/texlive/texmf-dist/tex/latex/hyperref/puenc.def
File: puenc.def 2021-06-07 v7.00m Hyperref: PDF Unicode definition (HO)
)
Package hyperref Info: Hyper figures OFF on input line 4192.
Package hyperref Info: Link nesting OFF on input line 4197.
Package hyperref Info: Hyper index ON on input line 4200.
Package hyperref Info: Plain pages OFF on input line 4207.
Package hyperref Info: Backreferencing OFF on input line 4212.
Package hyperref Info: Implicit mode ON; LaTeX internals redefined.
Package hyperref Info: Bookmarks ON on input line 4445.
\c@Hy@tempcnt=\count318

(/usr/share/texlive/texmf-dist/tex/latex/url/url.sty
\Urlmuskip=\muskip16
Package: url 2013/09/16  ver 3.4  Verb mode for urls, etc.
)
LaTeX Info: Redefining \url on input line 4804.
\XeTeXLinkMargin=\dimen276

(/usr/share/texlive/texmf-dist/tex/generic/bitset/bitset.sty
Package: bitset 2019/12/09 v1.3 Handle bit-vector datatype (HO)

(/usr/share/texlive/texmf-dist/tex/generic/bigintcalc/bigintcalc.sty
Package: bigintcalc 2019/12/15 v1.5 Expandable calculations on big integers (HO
)
))
\Fld@menulength=\count319
\Field@Width=\dimen277
\Fld@charsize=\dimen278
Package hyperref Info: Hyper figures OFF on input line 6076.
Package hyperref Info: Link nesting OFF on input line 6081.
Package hyperref Info: Hyper index ON on input line 6084.
Package hyperref Info: backreferencing OFF on input line 6091.
Package hyperref Info: Link coloring OFF on input line 6096.
Package hyperref Info: Link coloring with OCG OFF on input line 6101.
Package hyperref Info: PDF/A mode OFF on input line 6106.
LaTeX Info: Redefining \ref on input line 6146.
LaTeX Info: Redefining \pageref on input line 6150.

(/usr/share/texlive/texmf-dist/tex/latex/base/atbegshi-ltx.sty
Package: atbegshi-ltx 2021/01/10 v1.0c Emulation of the original atbegshi
package with kernel methods
)
\Hy@abspage=\count320
\c@Item=\count321
\c@Hfootnote=\count322
)
Package hyperref Info: Driver (autodetected): hxetex.

(/usr/share/texlive/texmf-dist/tex/latex/hyperref/hxetex.def
File: hxetex.def 2021-06-07 v7.00m Hyperref driver for XeTeX

(/usr/share/texlive/texmf-dist/tex/generic/stringenc/stringenc.sty
Package: stringenc 2019/11/29 v1.12 Convert strings between diff. encodings (HO
)
)
\pdfm@box=\box82
\c@Hy@AnnotLevel=\count323
\HyField@AnnotCount=\count324
\Fld@listcount=\count325
\c@bookmark@seq@number=\count326

(/usr/share/texlive/texmf-dist/tex/latex/rerunfilecheck/rerunfilecheck.sty
Package: rerunfilecheck 2019/12/05 v1.9 Rerun checks for auxiliary files (HO)

(/usr/share/texlive/texmf-dist/tex/latex/base/atveryend-ltx.sty
Package: atveryend-ltx 2020/08/19 v1.0a Emulation of the original atveryend pac
kage
with kernel methods
)
(/usr/share/texlive/texmf-dist/tex/generic/uniquecounter/uniquecounter.sty
Package: uniquecounter 2019/12/15 v1.4 Provide unlimited unique counter (HO)
)
Package uniquecounter Info: New unique counter `rerunfilecheck' on input line 2
86.
)
\Hy@SectionHShift=\skip66
)
Package hyperref Info: Option `colorlinks' set `true' on input line 42.
Package hyperref Info: Option `bookmarksopen' set `true' on input line 42.

(/usr/share/texlive/texmf-dist/tex/latex/natbib/natbib.sty
Package: natbib 2010/09/13 8.31b (PWD, AO)
\bibhang=\skip67
\bibsep=\skip68
LaTeX Info: Redefining \cite on input line 694.
\c@NAT@ctr=\count327
)
(/usr/share/texlive/texmf-dist/tex/latex/titlesec/titlesec.sty
Package: titlesec 2021/07/05 v2.14 Sectioning titles
\ttl@box=\box83
\beforetitleunit=\skip69
\aftertitleunit=\skip70
\ttl@plus=\dimen279
\ttl@minus=\dimen280
\ttl@toksa=\toks37
\titlewidth=\dimen281
\titlewidthlast=\dimen282
\titlewidthfirst=\dimen283
)
(/usr/share/texlive/texmf-dist/tex/latex/titling/titling.sty
Package: titling 2009/09/04 v2.1d maketitle typesetting
\thanksmarkwidth=\skip71
\thanksmargin=\skip72
\droptitle=\skip73
)
(/usr/share/texlive/texmf-dist/tex/latex/caption/caption.sty
Package: caption 2020/10/26 v3.5g Customizing captions (AR)

(/usr/share/texlive/texmf-dist/tex/latex/caption/caption3.sty
Package: caption3 2020/10/21 v2.2e caption3 kernel (AR)
\captionmargin=\dimen284
\captionmargin@=\dimen285
\captionwidth=\dimen286
\caption@tempdima=\dimen287
\caption@indent=\dimen288
\caption@parindent=\dimen289
\caption@hangindent=\dimen290
Package caption Info: Standard document class detected.
)
\c@caption@flags=\count328
\c@continuedfloat=\count329
Package caption Info: hyperref package is loaded.
Package caption Info: longtable package is loaded.

(/usr/share/texlive/texmf-dist/tex/latex/caption/ltcaption.sty
Package: ltcaption 2020/05/30 v1.4b longtable captions (AR)
))
(/usr/share/texlive/texmf-dist/tex/generic/pgf/frontendlayer/tikz/libraries/tik
zlibrarypositioning.code.tex
File: tikzlibrarypositioning.code.tex 2021/05/15 v3.1.9a (3.1.9a)
)
(/usr/share/texlive/texmf-dist/tex/generic/pgf/libraries/pgflibraryarrows.meta.
code.tex
File: pgflibraryarrows.meta.code.tex 2021/05/15 v3.1.9a (3.1.9a)
\pgfarrowinset=\dimen291
\pgfarrowlength=\dimen292
\pgfarrowwidth=\dimen293
\pgfarrowlinewidth=\dimen294
)
(/usr/share/texlive/texmf-dist/tex/generic/pgf/frontendlayer/tikz/libraries/tik
zlibraryshapes.geometric.code.tex
File: tikzlibraryshapes.geometric.code.tex 2021/05/15 v3.1.9a (3.1.9a)

(/usr/share/texlive/texmf-dist/tex/generic/pgf/libraries/shapes/pgflibraryshape
s.geometric.code.tex
File: pgflibraryshapes.geometric.code.tex 2021/05/15 v3.1.9a (3.1.9a)
))
(/usr/share/texlive/texmf-dist/tex/generic/pgf/frontendlayer/tikz/libraries/tik
zlibrarycalc.code.tex
File: tikzlibrarycalc.code.tex 2021/05/15 v3.1.9a (3.1.9a)
)
(/usr/share/texlive/texmf-dist/tex/generic/pgf/frontendlayer/tikz/libraries/tik
zlibraryshadows.code.tex
File: tikzlibraryshadows.code.tex 2021/05/15 v3.1.9a (3.1.9a)

(/usr/share/texlive/texmf-dist/tex/generic/pgf/frontendlayer/tikz/libraries/tik
zlibraryfadings.code.tex
File: tikzlibraryfadings.code.tex 2021/05/15 v3.1.9a (3.1.9a)

(/usr/share/texlive/texmf-dist/tex/generic/pgf/libraries/pgflibraryfadings.code
.tex
File: pgflibraryfadings.code.tex 2021/05/15 v3.1.9a (3.1.9a)
)))
(/usr/share/texlive/texmf-dist/tex/generic/pgf/frontendlayer/tikz/libraries/tik
zlibrarydecorations.pathreplacing.code.tex
(/usr/share/texlive/texmf-dist/tex/generic/pgf/frontendlayer/tikz/libraries/tik
zlibrarydecorations.code.tex
(/usr/share/texlive/texmf-dist/tex/generic/pgf/modules/pgfmoduledecorations.cod
e.tex
\pgfdecoratedcompleteddistance=\dimen295
\pgfdecoratedremainingdistance=\dimen296
\pgfdecoratedinputsegmentcompleteddistance=\dimen297
\pgfdecoratedinputsegmentremainingdistance=\dimen298
\pgf@decorate@distancetomove=\dimen299
\pgf@decorate@repeatstate=\count330
\pgfdecorationsegmentamplitude=\dimen300
\pgfdecorationsegmentlength=\dimen301
)
\tikz@lib@dec@box=\box84
)
(/usr/share/texlive/texmf-dist/tex/generic/pgf/libraries/decorations/pgflibrary
decorations.pathreplacing.code.tex))
(/usr/share/texlive/texmf-dist/tex/latex/pgfplots/pgfplots.sty
(/usr/share/texlive/texmf-dist/tex/generic/pgfplots/pgfplots.revision.tex)
Package: pgfplots 2021/05/15 v1.18.1 Data Visualization (1.18.1)

(/usr/share/texlive/texmf-dist/tex/generic/pgfplots/pgfplots.code.tex
(/usr/share/texlive/texmf-dist/tex/generic/pgfplots/pgfplotscore.code.tex
\t@pgfplots@toka=\toks38
\t@pgfplots@tokb=\toks39
\t@pgfplots@tokc=\toks40
\pgfplots@tmpa=\dimen302
\c@pgfplots@coordindex=\count331
\c@pgfplots@scanlineindex=\count332

(/usr/share/texlive/texmf-dist/tex/generic/pgfplots/sys/pgfplotssysgeneric.code
.tex))
(/usr/share/texlive/texmf-dist/tex/generic/pgfplots/libs/pgfplotslibrary.code.t
ex)
(/usr/share/texlive/texmf-dist/tex/generic/pgfplots/oldpgfcompatib/pgfplotsoldp
gfsupp_loader.code.tex
(/usr/share/texlive/texmf-dist/tex/generic/pgf/libraries/pgflibraryfpu.code.tex
))
(/usr/share/texlive/texmf-dist/tex/generic/pgfplots/util/pgfplotsutil.code.tex
(/usr/share/texlive/texmf-dist/tex/generic/pgfplots/liststructure/pgfplotslists
tructure.code.tex)
(/usr/share/texlive/texmf-dist/tex/generic/pgfplots/liststructure/pgfplotslists
tructureext.code.tex)
(/usr/share/texlive/texmf-dist/tex/generic/pgfplots/liststructure/pgfplotsarray
.code.tex
\c@pgfplotsarray@tmp=\count333
)
(/usr/share/texlive/texmf-dist/tex/generic/pgfplots/liststructure/pgfplotsmatri
x.code.tex)
(/usr/share/texlive/texmf-dist/tex/generic/pgfplots/numtable/pgfplotstableshare
d.code.tex
\c@pgfplotstable@counta=\count334
\t@pgfplotstable@a=\toks41
)
(/usr/share/texlive/texmf-dist/tex/generic/pgfplots/liststructure/pgfplotsdeque
.code.tex)
(/usr/share/texlive/texmf-dist/tex/generic/pgfplots/util/pgfplotsbinary.code.te
x
(/usr/share/texlive/texmf-dist/tex/generic/pgfplots/util/pgfplotsbinary.data.co
de.tex))
(/usr/share/texlive/texmf-dist/tex/generic/pgfplots/util/pgfplotsutil.verb.code
.tex)
(/usr/share/texlive/texmf-dist/tex/generic/pgfplots/libs/pgflibrarypgfplots.sur
fshading.code.tex
\c@pgfplotslibrarysurf@no=\count335

(/usr/share/texlive/texmf-dist/tex/generic/pgfplots/sys/pgflibrarypgfplots.surf
shading.pgfsys-xetex.def
(/usr/share/texlive/texmf-dist/tex/generic/pgfplots/sys/pgflibrarypgfplots.surf
shading.pgfsys-dvipdfmx.def
\c@pgfplotslibrarysurf@streamlen=\count336
))))
(/usr/share/texlive/texmf-dist/tex/generic/pgfplots/util/pgfplotscolormap.code.
tex
(/usr/share/texlive/texmf-dist/tex/generic/pgfplots/util/pgfplotscolor.code.tex
))
(/usr/share/texlive/texmf-dist/tex/generic/pgfplots/pgfplotsstackedplots.code.t
ex)
(/usr/share/texlive/texmf-dist/tex/generic/pgfplots/pgfplotsplothandlers.code.t
ex
(/usr/share/texlive/texmf-dist/tex/generic/pgfplots/pgfplotsmeshplothandler.cod
e.tex
(/usr/share/texlive/texmf-dist/tex/generic/pgfplots/pgfplotsmeshplotimage.code.
tex)))
(/usr/share/texlive/texmf-dist/tex/generic/pgfplots/pgfplots.scaling.code.tex)
(/usr/share/texlive/texmf-dist/tex/generic/pgfplots/pgfplotscoordprocessing.cod
e.tex)
(/usr/share/texlive/texmf-dist/tex/generic/pgfplots/pgfplots.errorbars.code.tex
) (/usr/share/texlive/texmf-dist/tex/generic/pgfplots/pgfplots.markers.code.tex
) (/usr/share/texlive/texmf-dist/tex/generic/pgfplots/pgfplotsticks.code.tex)
(/usr/share/texlive/texmf-dist/tex/generic/pgfplots/pgfplots.paths.code.tex)
(/usr/share/texlive/texmf-dist/tex/generic/pgf/frontendlayer/tikz/libraries/tik
zlibrarydecorations.pathmorphing.code.tex
(/usr/share/texlive/texmf-dist/tex/generic/pgf/libraries/decorations/pgflibrary
decorations.pathmorphing.code.tex))
(/usr/share/texlive/texmf-dist/tex/generic/pgfplots/libs/tikzlibrarypgfplots.co
ntourlua.code.tex)
\pgfplots@numplots=\count337
\pgfplots@xmin@reg=\dimen303
\pgfplots@xmax@reg=\dimen304
\pgfplots@ymin@reg=\dimen305
\pgfplots@ymax@reg=\dimen306
\pgfplots@zmin@reg=\dimen307
\pgfplots@zmax@reg=\dimen308
)
(/usr/share/texlive/texmf-dist/tex/generic/pgf/frontendlayer/tikz/libraries/tik
zlibraryplotmarks.code.tex
File: tikzlibraryplotmarks.code.tex 2021/05/15 v3.1.9a (3.1.9a)

(/usr/share/texlive/texmf-dist/tex/generic/pgf/libraries/pgflibraryplotmarks.co
de.tex
File: pgflibraryplotmarks.code.tex 2021/05/15 v3.1.9a (3.1.9a)
))) (./main.aux)
\openout1 = `main.aux'.

LaTeX Font Info:    Checking defaults for OML/cmm/m/it on input line 72.
LaTeX Font Info:    ... okay on input line 72.
LaTeX Font Info:    Checking defaults for OMS/cmsy/m/n on input line 72.
LaTeX Font Info:    ... okay on input line 72.
LaTeX Font Info:    Checking defaults for OT1/cmr/m/n on input line 72.
LaTeX Font Info:    ... okay on input line 72.
LaTeX Font Info:    Checking defaults for T1/cmr/m/n on input line 72.
LaTeX Font Info:    ... okay on input line 72.
LaTeX Font Info:    Checking defaults for TS1/cmr/m/n on input line 72.
LaTeX Font Info:    Trying to load font information for TS1+cmr on input line 7
2.
 (/usr/share/texlive/texmf-dist/tex/latex/base/ts1cmr.fd
File: ts1cmr.fd 2019/12/16 v2.5j Standard LaTeX font definitions
)
LaTeX Font Info:    ... okay on input line 72.
LaTeX Font Info:    Checking defaults for TU/lmr/m/n on input line 72.
LaTeX Font Info:    ... okay on input line 72.
LaTeX Font Info:    Checking defaults for OMX/cmex/m/n on input line 72.
LaTeX Font Info:    ... okay on input line 72.
LaTeX Font Info:    Checking defaults for U/cmr/m/n on input line 72.
LaTeX Font Info:    ... okay on input line 72.
LaTeX Font Info:    Checking defaults for PD1/pdf/m/n on input line 72.
LaTeX Font Info:    ... okay on input line 72.
LaTeX Font Info:    Checking defaults for PU/pdf/m/n on input line 72.
LaTeX Font Info:    ... okay on input line 72.

Package fontspec Info: Adjusting the maths setup (use [no-math] to avoid
(fontspec)             this).

\symlegacymaths=\mathgroup4
LaTeX Font Info:    Overwriting symbol font `legacymaths' in version `bold'
(Font)                  OT1/cmr/m/n --> OT1/cmr/bx/n on input line 72.
LaTeX Font Info:    Redeclaring math accent \acute on input line 72.
LaTeX Font Info:    Redeclaring math accent \grave on input line 72.
LaTeX Font Info:    Redeclaring math accent \ddot on input line 72.
LaTeX Font Info:    Redeclaring math accent \tilde on input line 72.
LaTeX Font Info:    Redeclaring math accent \bar on input line 72.
LaTeX Font Info:    Redeclaring math accent \breve on input line 72.
LaTeX Font Info:    Redeclaring math accent \check on input line 72.
LaTeX Font Info:    Redeclaring math accent \hat on input line 72.
LaTeX Font Info:    Redeclaring math accent \dot on input line 72.
LaTeX Font Info:    Redeclaring math accent \mathring on input line 72.
LaTeX Font Info:    Redeclaring math symbol \colon on input line 72.
LaTeX Font Info:    Redeclaring math symbol \Gamma on input line 72.
LaTeX Font Info:    Redeclaring math symbol \Delta on input line 72.
LaTeX Font Info:    Redeclaring math symbol \Theta on input line 72.
LaTeX Font Info:    Redeclaring math symbol \Lambda on input line 72.
LaTeX Font Info:    Redeclaring math symbol \Xi on input line 72.
LaTeX Font Info:    Redeclaring math symbol \Pi on input line 72.
LaTeX Font Info:    Redeclaring math symbol \Sigma on input line 72.
LaTeX Font Info:    Redeclaring math symbol \Upsilon on input line 72.
LaTeX Font Info:    Redeclaring math symbol \Phi on input line 72.
LaTeX Font Info:    Redeclaring math symbol \Psi on input line 72.
LaTeX Font Info:    Redeclaring math symbol \Omega on input line 72.
LaTeX Font Info:    Redeclaring math symbol \mathdollar on input line 72.
LaTeX Font Info:    Redeclaring symbol font `operators' on input line 72.
LaTeX Font Info:    Encoding `OT1' has changed to `TU' for symbol font
(Font)              `operators' in the math version `normal' on input line 72.
LaTeX Font Info:    Overwriting symbol font `operators' in version `normal'
(Font)                  OT1/cmr/m/n --> TU/DejaVuSerif(0)/m/n on input line 72.

LaTeX Font Info:    Encoding `OT1' has changed to `TU' for symbol font
(Font)              `operators' in the math version `bold' on input line 72.
LaTeX Font Info:    Overwriting symbol font `operators' in version `bold'
(Font)                  OT1/cmr/bx/n --> TU/DejaVuSerif(0)/m/n on input line 72
.
LaTeX Font Info:    Overwriting symbol font `operators' in version `normal'
(Font)                  TU/DejaVuSerif(0)/m/n --> TU/DejaVuSerif(0)/m/n on inpu
t line 72.
LaTeX Font Info:    Overwriting math alphabet `\mathit' in version `normal'
(Font)                  OT1/cmr/m/it --> TU/DejaVuSerif(0)/m/it on input line 7
2.
LaTeX Font Info:    Overwriting math alphabet `\mathbf' in version `normal'
(Font)                  OT1/cmr/bx/n --> TU/DejaVuSerif(0)/b/n on input line 72
.
LaTeX Font Info:    Overwriting math alphabet `\mathsf' in version `normal'
(Font)                  OT1/cmss/m/n --> TU/DejaVuSans(0)/m/n on input line 72.

LaTeX Font Info:    Overwriting math alphabet `\mathtt' in version `normal'
(Font)                  OT1/cmtt/m/n --> TU/DejaVuSansMono(0)/m/n on input line
 72.
LaTeX Font Info:    Overwriting symbol font `operators' in version `bold'
(Font)                  TU/DejaVuSerif(0)/m/n --> TU/DejaVuSerif(0)/b/n on inpu
t line 72.
LaTeX Font Info:    Overwriting math alphabet `\mathit' in version `bold'
(Font)                  OT1/cmr/bx/it --> TU/DejaVuSerif(0)/b/it on input line 
72.
LaTeX Font Info:    Overwriting math alphabet `\mathsf' in version `bold'
(Font)                  OT1/cmss/bx/n --> TU/DejaVuSans(0)/b/n on input line 72
.
LaTeX Font Info:    Overwriting math alphabet `\mathtt' in version `bold'
(Font)                  OT1/cmtt/m/n --> TU/DejaVuSansMono(0)/b/n on input line
 72.
*geometry* driver: auto-detecting
*geometry* detected driver: xetex
*geometry* verbose mode - [ preamble ] result:
* driver: xetex
* paper: a4paper
* layout: <same size as paper>
* layoutoffset:(h,v)=(0.0pt,0.0pt)
* modes: 
* h-part:(L,W,R)=(72.26999pt, 452.9679pt, 72.26999pt)
* v-part:(T,H,B)=(72.26999pt, 700.50687pt, 72.26999pt)
* \paperwidth=597.50787pt
* \paperheight=845.04684pt
* \textwidth=452.9679pt
* \textheight=700.50687pt
* \oddsidemargin=0.0pt
* \evensidemargin=0.0pt
* \topmargin=-37.0pt
* \headheight=12.0pt
* \headsep=25.0pt
* \topskip=11.0pt
* \footskip=30.0pt
* \marginparwidth=50.0pt
* \marginparsep=10.0pt
* \columnsep=10.0pt
* \skip\footins=10.0pt plus 4.0pt minus 2.0pt
* \hoffset=0.0pt
* \voffset=0.0pt
* \mag=1000
* \@twocolumnfalse
* \@twosidefalse
* \@mparswitchfalse
* \@reversemarginfalse
* (1in=72.27pt=25.4mm, 1cm=28.453pt)

Package hyperref Info: Link coloring ON on input line 72.
(/usr/share/texlive/texmf-dist/tex/latex/hyperref/nameref.sty
Package: nameref 2021-04-02 v2.47 Cross-referencing by name of section

(/usr/share/texlive/texmf-dist/tex/latex/refcount/refcount.sty
Package: refcount 2019/12/15 v3.6 Data extraction from label references (HO)
)
(/usr/share/texlive/texmf-dist/tex/generic/gettitlestring/gettitlestring.sty
Package: gettitlestring 2019/12/15 v1.6 Cleanup title references (HO)
)
\c@section@level=\count338
)
LaTeX Info: Redefining \ref on input line 72.
LaTeX Info: Redefining \pageref on input line 72.
LaTeX Info: Redefining \nameref on input line 72.

(./main.out) (./main.out)
\@outlinefile=\write4
\openout4 = `main.out'.

Package caption Info: Begin \AtBeginDocument code.
Package caption Info: End \AtBeginDocument code.

Package pgfplots notification 'compat/show suggested version=true': document ha
s been generated with the most recent feature set (\pgfplotsset{compat=1.18}).

[1

] (./main.toc
LaTeX Font Info:    External font `cmex10' loaded for size
(Font)              <10.95> on input line 2.
LaTeX Font Info:    External font `cmex10' loaded for size
(Font)              <8> on input line 2.
LaTeX Font Info:    External font `cmex10' loaded for size
(Font)              <6> on input line 2.
 [1

] [2] [3])
\tf@toc=\write5
\openout5 = `main.toc'.

 [4] (./main.lof
Overfull \hbox (2.4794pt too wide) in paragraph at lines 6--6
 \TU/DejaVuSerif(0)/m/n/10.95 split, 28%/24%) are flagged for re-verification a
gainst a second source; 
 []


Overfull \hbox (12.02904pt too wide) in paragraph at lines 9--9
 [][] [][][]\TU/DejaVuSerif(0)/m/n/10.95 Developer journey map: six stages from
 discovery to the retention/churn 
 []


Overfull \hbox (1.79105pt too wide) in paragraph at lines 16--16
 [][] [][][]\TU/DejaVuSerif(0)/m/n/10.95 Impression-to-payout sequence diagram.
 Steps 1–7 repeat many times 
 []

[5

]
Overfull \hbox (13.2015pt too wide) in paragraph at lines 22--22
 [][] [][][]\TU/DejaVuSerif(0)/m/n/10.95 Implied-eCPM decay under Tier-0 flat-f
ee pricing as the active-developer 
 []


Overfull \hbox (1.79907pt too wide) in paragraph at lines 28--28
 [][] [][][]\TU/DejaVuSerif(0)/m/n/10.95 24-month Gantt-style roadmap with go/n
o-go gates. Bar shading: solid 
 []

)
\tf@lof=\write6
\openout6 = `main.lof'.

 [6] (./main.lot [7

])
\tf@lot=\write7
\openout7 = `main.lot'.

 [8] (./chapters/01_executive_summary.tex
Chapter 1.
[9


]
Overfull \hbox (0.18633pt too wide) in paragraph at lines 49--52
[]\TU/DejaVuSerif(0)/b/n/10.95 Client = non-patching status-bar overlay \TU/Dej
aVuSerif(0)/m/n/10.95 on Claude Code — never patches
 []


Overfull \hbox (1.1079pt too wide) in paragraph at lines 70--75
\TU/DejaVuSerif(0)/m/n/10.95 vertisers by month 4, ₹45,000/mo revenue, and a cu
mulative net of $\OMS/cmsy/m/n/10.95 ^^X$\TU/DejaVuSerif(0)/b/n/10.95 ₹39,500\T
U/DejaVuSerif(0)/m/n/10.95 .
 []

[10]) (./chapters/02_problem.tex [11]
Chapter 2.
[12

]
Overfull \hbox (1.56702pt too wide) in paragraph at lines 61--72
\TU/DejaVuSerif(0)/m/n/10.95 UPI payouts via RazorpayX, which supports automate
d UPI/IMPS/NEFT/RTGS with
 []

[13]) (./chapters/03_market_research.tex [14]
Chapter 3.
[15

]
LaTeX Font Info:    External font `cmex10' loaded for size
(Font)              <7> on input line 43.
LaTeX Font Info:    External font `cmex10' loaded for size
(Font)              <5> on input line 43.

Underfull \hbox (badness 10000) in paragraph at lines 47--48
[]|\TU/DejaVuSerif(0)/m/it/10 Industry es-
 []


Underfull \hbox (badness 10000) in paragraph at lines 47--48
\TU/DejaVuSerif(0)/m/it/10 timate [][]\TU/DejaVuSerif(0)/m/n/10 Grand
 []


Underfull \hbox (badness 10000) in paragraph at lines 47--48
\TU/DejaVuSerif(0)/m/n/10 View Research[][]
 []


Overfull \hbox (3.97707pt too wide) in paragraph at lines 48--48
\TU/DejaVuSerif(0)/m/n/10 view/testing/platforms)| 
 []


Underfull \hbox (badness 2181) in paragraph at lines 48--48
[]|\TU/DejaVuSerif(0)/m/n/10 $29.47B (2025) $\OMS/cmsy/m/n/10 !$ \TU/DejaVuSeri
f(0)/m/n/10 $34.58B
 []


Underfull \hbox (badness 10000) in paragraph at lines 48--49
[]|\TU/DejaVuSerif(0)/m/it/10 Industry es-
 []


Underfull \hbox (badness 10000) in paragraph at lines 48--49
\TU/DejaVuSerif(0)/m/it/10 timate \TU/DejaVuSerif(0)/m/n/10 (wide
 []


Underfull \hbox (badness 10000) in paragraph at lines 48--49
\TU/DejaVuSerif(0)/m/n/10 range reflects
 []


Underfull \hbox (badness 10000) in paragraph at lines 48--49
\TU/DejaVuSerif(0)/m/n/10 category-
 []


Underfull \hbox (badness 10000) in paragraph at lines 48--49
\TU/DejaVuSerif(0)/m/n/10 boundary dis-
 []


Underfull \hbox (badness 10000) in paragraph at lines 48--49
\TU/DejaVuSerif(0)/m/n/10 agreement)
 []


Underfull \hbox (badness 10000) in paragraph at lines 48--49
[][]\TU/DejaVuSerif(0)/m/n/10 MarketsandMar-
 []


Underfull \hbox (badness 1796) in paragraph at lines 49--49
[]|\TU/DejaVuSerif(0)/m/n/10 Enterprise AI coding
 []


Underfull \hbox (badness 10000) in paragraph at lines 49--50
[]|\TU/DejaVuSerif(0)/m/it/10 Verified fact
 []


Underfull \hbox (badness 3049) in paragraph at lines 50--50
[]|\TU/DejaVuSerif(0)/m/n/10 $0 $\OMS/cmsy/m/n/10 !$ \TU/DejaVuSerif(0)/m/n/10 
$2.5B run-rate in 9
 []


Underfull \hbox (badness 10000) in paragraph at lines 50--51
[]|\TU/DejaVuSerif(0)/m/it/10 Verified fact
 []


Underfull \hbox (badness 6675) in paragraph at lines 50--51
\TU/DejaVuSerif(0)/m/n/10 (total tool rev-
 []


Underfull \hbox (badness 10000) in paragraph at lines 50--51
\TU/DejaVuSerif(0)/m/n/10 enue, \TU/DejaVuSerif(0)/m/it/10 not \TU/DejaVuSerif(
0)/m/n/10 an
 []


Underfull \hbox (badness 10000) in paragraph at lines 50--51
\TU/DejaVuSerif(0)/m/n/10 ad-monetization
 []


Underfull \hbox (badness 10000) in paragraph at lines 50--51
\TU/DejaVuSerif(0)/m/n/10 figure) [][]An-
 []


Underfull \hbox (badness 10000) in paragraph at lines 51--52
[]|\TU/DejaVuSerif(0)/m/it/10 Verified fact
 []


Underfull \hbox (badness 3199) in paragraph at lines 51--52
\TU/DejaVuSerif(0)/m/n/10 (named funding
 []


Underfull \hbox (badness 10000) in paragraph at lines 51--52
\TU/DejaVuSerif(0)/m/n/10 sources) [][]Any-
 []


Underfull \hbox (badness 3078) in paragraph at lines 51--52
\TU/DejaVuSerif(0)/m/n/10 sphere (Cursor)[][]
 []


Underfull \hbox (badness 1383) in paragraph at lines 52--52
[]|\TU/DejaVuSerif(0)/m/n/10 Developer tools mar-
 []


Underfull \hbox (badness 10000) in paragraph at lines 52--53
[]|\TU/DejaVuSerif(0)/m/it/10 Industry esti-
 []


Underfull \hbox (badness 1975) in paragraph at lines 52--53
\TU/DejaVuSerif(0)/m/it/10 mate \TU/DejaVuSerif(0)/m/n/10 — closest
 []


Underfull \hbox (badness 10000) in paragraph at lines 52--53
\TU/DejaVuSerif(0)/m/n/10 “category” an-
 []


Underfull \hbox (badness 2478) in paragraph at lines 52--53
\TU/DejaVuSerif(0)/m/n/10 surface [][]Fortune
 []


Underfull \hbox (badness 10000) in paragraph at lines 52--53
\TU/DejaVuSerif(0)/m/n/10 Business In-
 []


Underfull \hbox (badness 10000) in paragraph at lines 53--53
[]|\TU/DejaVuSerif(0)/m/n/10 Affiliate market-
 []


Underfull \hbox (badness 10000) in paragraph at lines 53--53
\TU/DejaVuSerif(0)/m/n/10 ing, global (closest
 []


Underfull \hbox (badness 10000) in paragraph at lines 53--53
\TU/DejaVuSerif(0)/m/n/10 business-model ana-
 []


Underfull \hbox (badness 2181) in paragraph at lines 53--53
[]|\TU/DejaVuSerif(0)/m/n/10 $20.07B (2026) $\OMS/cmsy/m/n/10 !$ \TU/DejaVuSeri
f(0)/m/n/10 $82.64B
 []


Underfull \hbox (badness 7704) in paragraph at lines 53--53
\TU/DejaVuSerif(0)/m/n/10 ~$23.84B (2026) platform-
 []


Underfull \hbox (badness 10000) in paragraph at lines 53--54
[]|\TU/DejaVuSerif(0)/m/it/10 Industry es-
 []


Underfull \hbox (badness 10000) in paragraph at lines 53--54
\TU/DejaVuSerif(0)/m/it/10 timate \TU/DejaVuSerif(0)/m/n/10 — no
 []


Underfull \hbox (badness 10000) in paragraph at lines 53--54
\TU/DejaVuSerif(0)/m/n/10 developer-
 []


Underfull \hbox (badness 10000) in paragraph at lines 53--54
\TU/DejaVuSerif(0)/m/n/10 focused sub-
 []


Underfull \hbox (badness 10000) in paragraph at lines 53--54
\TU/DejaVuSerif(0)/m/n/10 segment iso-
 []


Underfull \hbox (badness 10000) in paragraph at lines 53--54
\TU/DejaVuSerif(0)/m/n/10 lated by any
 []


Underfull \hbox (badness 10000) in paragraph at lines 53--54
\TU/DejaVuSerif(0)/m/n/10 source [][]Grand
 []


Underfull \hbox (badness 10000) in paragraph at lines 53--54
\TU/DejaVuSerif(0)/m/n/10 View Research[][]
 []


Underfull \hbox (badness 10000) in paragraph at lines 54--54
[]|\TU/DejaVuSerif(0)/m/n/10 Agentic commerce
 []


Underfull \hbox (badness 3098) in paragraph at lines 54--54
\TU/DejaVuSerif(0)/m/n/10 / agent economy by
 []


Underfull \hbox (badness 10000) in paragraph at lines 54--54
\TU/DejaVuSerif(0)/m/n/10 cuts $190–500B (Morgan
 []


Underfull \hbox (badness 10000) in paragraph at lines 54--55
[]|\TU/DejaVuSerif(0)/m/it/10 Industry esti-
 []


Underfull \hbox (badness 10000) in paragraph at lines 54--55
\TU/DejaVuSerif(0)/m/it/10 mate \TU/DejaVuSerif(0)/m/n/10 — long-
 []


Underfull \hbox (badness 10000) in paragraph at lines 54--55
\TU/DejaVuSerif(0)/m/n/10 range, \TU/DejaVuSerif(0)/b/n/10 not \TU/DejaVuSerif(
0)/m/n/10 a
 []


Underfull \hbox (badness 10000) in paragraph at lines 54--55
\TU/DejaVuSerif(0)/m/n/10 near-term TAM
 []


Underfull \hbox (badness 10000) in paragraph at lines 54--55
[][]\TU/DejaVuSerif(0)/m/n/10 McKinsey &
 []


Underfull \hbox (badness 10000) in paragraph at lines 55--55
[]|\TU/DejaVuSerif(0)/m/n/10 Dev-ad-platform
 []


Underfull \hbox (badness 10000) in paragraph at lines 55--55
[]|\TU/DejaVuSerif(0)/m/n/10 daily.dev $5,000–15,000/mo
 []


Underfull \hbox (badness 1062) in paragraph at lines 55--55
\TU/DejaVuSerif(0)/m/n/10 minimum spend, CPM $10–
 []


Underfull \hbox (badness 10000) in paragraph at lines 55--56
[]|\TU/DejaVuSerif(0)/m/it/10 Industry esti-
 []


Underfull \hbox (badness 7186) in paragraph at lines 55--56
\TU/DejaVuSerif(0)/m/it/10 mate \TU/DejaVuSerif(0)/m/n/10 — sanity
 []


Underfull \hbox (badness 2197) in paragraph at lines 55--56
\TU/DejaVuSerif(0)/m/n/10 check: Devorix
 []


Underfull \hbox (badness 10000) in paragraph at lines 55--56
\TU/DejaVuSerif(0)/m/n/10 Tier-0 ₹10–
 []


Underfull \hbox (badness 10000) in paragraph at lines 55--56
\TU/DejaVuSerif(0)/m/n/10 the cheapest
 []


Underfull \hbox (badness 10000) in paragraph at lines 55--56
\TU/DejaVuSerif(0)/m/n/10 mainstream
 []


Underfull \hbox (badness 10000) in paragraph at lines 55--56
\TU/DejaVuSerif(0)/m/n/10 dev-ad mini-
 []


Underfull \hbox (badness 10000) in paragraph at lines 55--56
\TU/DejaVuSerif(0)/m/n/10 mum [][]daily.dev[][]
 []


LaTeX Warning: Float too large for page by 61.727pt on input line 58.


Underfull \hbox (badness 1038) in paragraph at lines 88--88
[]\TU/DejaVuSerif(0)/b/n/10 Figure 3.1: |\TU/DejaVuSerif(0)/m/n/10 Adjacent-mar
ket scale comparison (top-down anchors). The agentic-
 []


Underfull \hbox (badness 10000) in paragraph at lines 104--104
[]|\TU/DejaVuSerif(0)/m/n/10 India developers on
 []


Underfull \hbox (badness 1389) in paragraph at lines 104--104
\TU/DejaVuSerif(0)/m/n/10 Oct 2025; 2M+ added in
 []


Underfull \hbox (badness 10000) in paragraph at lines 104--105
[]|\TU/DejaVuSerif(0)/m/it/10 Verified fact
 []


Underfull \hbox (badness 10000) in paragraph at lines 104--105
\TU/DejaVuSerif(0)/m/n/10 (GitHub COO
 []


Underfull \hbox (badness 10000) in paragraph at lines 104--105
\TU/DejaVuSerif(0)/m/n/10 Kyle Daigle,
 []


Underfull \hbox (badness 10000) in paragraph at lines 104--105
\TU/DejaVuSerif(0)/m/n/10 multi-source)
 []


Underfull \hbox (badness 10000) in paragraph at lines 105--105
[]|\TU/DejaVuSerif(0)/m/n/10 India developers on
 []


Underfull \hbox (badness 10000) in paragraph at lines 105--105
[]|\TU/DejaVuSerif(0)/b/n/10 57.5 million \TU/DejaVuSerif(0)/m/n/10 (projected
 []


Underfull \hbox (badness 1259) in paragraph at lines 105--105
\TU/DejaVuSerif(0)/m/n/10 largest GitHub community
 []


Underfull \hbox (badness 10000) in paragraph at lines 105--106
[]|\TU/DejaVuSerif(0)/m/it/10 Verified fact
 []


Underfull \hbox (badness 10000) in paragraph at lines 105--106
\TU/DejaVuSerif(0)/m/n/10 (Satya Nadella,
 []


Underfull \hbox (badness 1824) in paragraph at lines 106--106
\TU/DejaVuSerif(0)/m/n/10 have used, >80% regular
 []


Underfull \hbox (badness 10000) in paragraph at lines 106--107
[]|\TU/DejaVuSerif(0)/m/n/10 Global = \TU/DejaVuSerif(0)/m/it/10 Veri-
 []


Underfull \hbox (badness 1152) in paragraph at lines 106--107
\TU/DejaVuSerif(0)/m/it/10 fied fact [][]\TU/DejaVuSerif(0)/m/n/10 Devorix[][]
 []


Underfull \hbox (badness 10000) in paragraph at lines 106--107
\TU/DejaVuSerif(0)/m/n/10 ([][]2026b[][]); India-
 []


Underfull \hbox (badness 10000) in paragraph at lines 107--107
\TU/DejaVuSerif(0)/m/n/10 specifically (Devorix’s
 []


Underfull \hbox (badness 10000) in paragraph at lines 107--108
\TU/DejaVuSerif(0)/m/n/10 — agentic use
 []


Underfull \hbox (badness 10000) in paragraph at lines 107--108
\OMS/cmsy/m/n/10 6\OT1/cmr/m/n/10 =$ \TU/DejaVuSerif(0)/m/n/10 autocomplete;
 []


Underfull \hbox (badness 10000) in paragraph at lines 107--108
\TU/DejaVuSerif(0)/m/n/10 Copilot’s broad
 []


Underfull \hbox (badness 10000) in paragraph at lines 107--108
\TU/DejaVuSerif(0)/m/n/10 mostly autocom-
 []


Underfull \hbox (badness 3668) in paragraph at lines 108--108
[]|\TU/DejaVuSerif(0)/m/n/10 Implied India agentic-
 []


Underfull \hbox (badness 10000) in paragraph at lines 108--109
[]|\TU/DejaVuSerif(0)/b/it/10 Internal as-
 []


Underfull \hbox (badness 10000) in paragraph at lines 108--109
\TU/DejaVuSerif(0)/b/it/10 sumption \TU/DejaVuSerif(0)/m/n/10 —
 []


Underfull \hbox (badness 1019) in paragraph at lines 108--109
\TU/DejaVuSerif(0)/m/n/10 a global ratio to
 []


Underfull \hbox (badness 10000) in paragraph at lines 108--109
\TU/DejaVuSerif(0)/m/n/10 the India base;
 []


Underfull \hbox (badness 10000) in paragraph at lines 108--109
\TU/DejaVuSerif(0)/m/n/10 no India-specific
 []


Underfull \hbox (badness 5133) in paragraph at lines 108--109
\TU/DejaVuSerif(0)/m/n/10 agentic-only sur-
 []

Missing character: There is no ) ("29) in font nullfont!
[16] [17] [18]
Underfull \hbox (badness 10000) in paragraph at lines 185--185
[]|\TU/DejaVuSerif(0)/m/n/10 All global developers
 []


Underfull \hbox (badness 1210) in paragraph at lines 185--185
\TU/DejaVuSerif(0)/m/n/10 using agentic AI coding
 []


Underfull \hbox (badness 10000) in paragraph at lines 185--185
[]|\TU/DejaVuSerif(0)/m/n/10 Not sized by any
 []


Underfull \hbox (badness 7963) in paragraph at lines 185--185
\TU/DejaVuSerif(0)/m/n/10 of-envelope plausibly
 []


Underfull \hbox (badness 10000) in paragraph at lines 185--185
\TU/DejaVuSerif(0)/m/n/10 yields \TU/DejaVuSerif(0)/b/n/10 low-to-mid
 []


Underfull \hbox (badness 10000) in paragraph at lines 185--185
\TU/DejaVuSerif(0)/b/n/10 hundreds of mil-
 []


Underfull \hbox (badness 6825) in paragraph at lines 185--185
\TU/DejaVuSerif(0)/m/n/10 full penetration and
 []


Underfull \hbox (badness 10000) in paragraph at lines 185--186
[]|\TU/DejaVuSerif(0)/b/it/10 Internal as-
 []


Underfull \hbox (badness 10000) in paragraph at lines 185--186
\TU/DejaVuSerif(0)/b/it/10 sumption
 []


Underfull \hbox (badness 10000) in paragraph at lines 185--186
\TU/DejaVuSerif(0)/m/n/10 — weakest-
 []


Underfull \hbox (badness 10000) in paragraph at lines 185--186
\TU/DejaVuSerif(0)/m/n/10 grounded
 []


Underfull \hbox (badness 2253) in paragraph at lines 185--186
\TU/DejaVuSerif(0)/m/n/10 figure in this
 []


Underfull \hbox (badness 10000) in paragraph at lines 186--186
[]|\TU/DejaVuSerif(0)/m/n/10 India developers using
 []


Underfull \hbox (badness 2626) in paragraph at lines 186--186
\TU/DejaVuSerif(0)/m/n/10 agentic AI coding tools
 []


Underfull \hbox (badness 1024) in paragraph at lines 186--186
\TU/DejaVuSerif(0)/m/n/10 (Claude Code first) who
 []


Underfull \hbox (badness 10000) in paragraph at lines 186--186
\TU/DejaVuSerif(0)/m/n/10 (working); \TU/DejaVuSerif(0)/b/n/10 5–15M
 []


Underfull \hbox (badness 10000) in paragraph at lines 186--187
[]|\TU/DejaVuSerif(0)/b/it/10 Internal as-
 []


Underfull \hbox (badness 10000) in paragraph at lines 186--187
\TU/DejaVuSerif(0)/b/it/10 sumption \TU/DejaVuSerif(0)/m/n/10 —
 []


Underfull \hbox (badness 10000) in paragraph at lines 186--187
\TU/DejaVuSerif(0)/m/n/10 intentionally
 []


Underfull \hbox (badness 10000) in paragraph at lines 186--187
\TU/DejaVuSerif(0)/m/n/10 wide given
 []


Underfull \hbox (badness 2689) in paragraph at lines 187--187
[]|\TU/DejaVuSerif(0)/m/n/10 Devorix’s actual installs
 []


Underfull \hbox (badness 1194) in paragraph at lines 187--187
\OMS/cmsy/m/n/10 ^^B$ \TU/DejaVuSerif(0)/m/n/10 actual advertiser rev-
 []


Underfull \hbox (badness 10000) in paragraph at lines 187--187
\TU/DejaVuSerif(0)/m/n/10 enue, conditional on
 []


Underfull \hbox (badness 10000) in paragraph at lines 187--187
[]|\TU/DejaVuSerif(0)/m/n/10 M4 (locked): 500
 []


Underfull \hbox (badness 10000) in paragraph at lines 187--187
\TU/DejaVuSerif(0)/m/n/10 installs, 3 adver-
 []


Underfull \hbox (badness 10000) in paragraph at lines 187--187
\TU/DejaVuSerif(0)/m/n/10 tisers, ₹45,000/mo.
 []


Underfull \hbox (badness 10000) in paragraph at lines 187--187
\TU/DejaVuSerif(0)/m/n/10 M24 (“likely”):
 []


Underfull \hbox (badness 10000) in paragraph at lines 187--187
\TU/DejaVuSerif(0)/m/n/10 ~5,000–9,000 in-
 []


Underfull \hbox (badness 10000) in paragraph at lines 187--187
\TU/DejaVuSerif(0)/m/n/10 stalls, 6–10 adver-
 []


Underfull \hbox (badness 10000) in paragraph at lines 187--187
\TU/DejaVuSerif(0)/m/n/10 tisers, ~₹150,000–
 []


Underfull \hbox (badness 10000) in paragraph at lines 187--188
[]|\TU/DejaVuSerif(0)/b/it/10 Internal as-
 []


Underfull \hbox (badness 10000) in paragraph at lines 187--188
\TU/DejaVuSerif(0)/b/it/10 sumption
 []


Underfull \hbox (badness 10000) in paragraph at lines 187--188
\TU/DejaVuSerif(0)/m/n/10 — even the
 []


Underfull \hbox (badness 3690) in paragraph at lines 187--188
\TU/DejaVuSerif(0)/m/n/10 upper end is
 []

[19] [20]) (./chapters/04_customer_research.tex [21]
Chapter 4.
[22

]
Underfull \hbox (badness 2285) in paragraph at lines 39--39
[]|\TU/DejaVuSerif(0)/m/n/10.95 24–32, maintains 1–2 open-source repos or side
 []


Underfull \hbox (badness 1406) in paragraph at lines 39--39
[]|\TU/DejaVuSerif(0)/m/n/10.95 Reads the source before installing, especially 
af-
 []


Underfull \hbox (badness 1092) in paragraph at lines 39--39
\TU/DejaVuSerif(0)/m/n/10.95 the June 2026 supply-chain attack on Microsoft’s
 []


Underfull \hbox (badness 2671) in paragraph at lines 39--39
\TU/DejaVuSerif(0)/m/n/10.95 Group[][] ([][]2026[][]); [][]Multiple Security Ou
tlets[][] ([][]2026[][])).
 []


LaTeX Warning: Float too large for page by 27.46452pt on input line 66.


Underfull \hbox (badness 5431) in paragraph at lines 87--87
[]|\TU/DejaVuSerif(0)/m/n/10.95 An explicit, auditable “never reads your code,
 []


Underfull \hbox (badness 10000) in paragraph at lines 117--117
[]|\TU/DejaVuSerif(0)/b/n/10.95 Why Ring 1
 []


Underfull \hbox (badness 10000) in paragraph at lines 117--117
[]|\TU/DejaVuSerif(0)/b/n/10.95 Buying trig-
 []


Underfull \hbox (badness 1052) in paragraph at lines 117--117
\TU/DejaVuSerif(0)/b/n/10.95 count \TU/DejaVuSerif(0)/m/n/10.95 an unproven, In
dia-skewed, three-week-old
 []


Underfull \hbox (badness 10000) in paragraph at lines 117--117
[]|\TU/DejaVuSerif(0)/b/n/10.95 What over-
 []


Underfull \hbox (badness 10000) in paragraph at lines 117--117
[]|\TU/DejaVuSerif(0)/m/n/10.95 Honest, ranged reporting (never the inflated
 []


Underfull \hbox (badness 1286) in paragraph at lines 117--117
\TU/DejaVuSerif(0)/m/n/10.95 Devorix’s Days 10–14 motion — run the sponsor
 []


LaTeX Warning: Float too large for page by 39.02464pt on input line 120.


Underfull \hbox (badness 6396) in paragraph at lines 138--138
[]|\TU/DejaVuSerif(0)/m/n/10.95 Growth marketer at an India-focused SaaS/API
 []


Underfull \hbox (badness 1303) in paragraph at lines 138--138
\TU/DejaVuSerif(0)/m/n/10.95 company, cloud/hosting reseller, EdTech/upskilling

 []


Underfull \hbox (badness 10000) in paragraph at lines 138--138
[]|\TU/DejaVuSerif(0)/b/n/10.95 Buying trig-
 []


Underfull \hbox (badness 10000) in paragraph at lines 138--138
[]|\TU/DejaVuSerif(0)/b/n/10.95 What over-
 []

[23] [24] [25] [26] [27] [28]
Overfull \hbox (256.08914pt too wide) in paragraph at lines 185--186
 [][] 
 []


Underfull \hbox (badness 10000) in paragraph at lines 195--195
[]|\TU/DejaVuSerif(0)/b/n/10 Emotional
 []


Underfull \hbox (badness 5563) in paragraph at lines 197--197
\TU/DejaVuSerif(0)/m/n/10 / friend share / refer-
 []


Underfull \hbox (badness 3449) in paragraph at lines 197--197
\TU/DejaVuSerif(0)/m/n/10 ral code, likely framed
 []


Underfull \hbox (badness 10000) in paragraph at lines 197--197
[]|\TU/DejaVuSerif(0)/m/n/10 Curious,
 []


Underfull \hbox (badness 5105) in paragraph at lines 197--197
\TU/DejaVuSerif(0)/m/n/10 is 2.5 weeks
 []


Underfull \hbox (badness 10000) in paragraph at lines 197--197
\TU/DejaVuSerif(0)/m/n/10 old; loudest
 []


Underfull \hbox (badness 1237) in paragraph at lines 197--197
\TU/DejaVuSerif(0)/m/n/10 prior reaction
 []


Underfull \hbox (badness 10000) in paragraph at lines 197--197
\TU/DejaVuSerif(0)/m/n/10 was privacy
 []


Underfull \hbox (badness 10000) in paragraph at lines 197--197
\TU/DejaVuSerif(0)/m/n/10 suspicion,
 []


Underfull \hbox (badness 10000) in paragraph at lines 197--197
\TU/DejaVuSerif(0)/m/n/10 not excite-
 []


Underfull \hbox (badness 4647) in paragraph at lines 197--197
\TU/DejaVuSerif(0)/m/n/10 ment [][]Devorix[][]
 []


Underfull \hbox (badness 5622) in paragraph at lines 197--198
\TU/DejaVuSerif(0)/m/n/10 available client, “never
 []


Underfull \hbox (badness 6758) in paragraph at lines 197--198
\TU/DejaVuSerif(0)/m/n/10 the earnings pitch, or
 []


Underfull \hbox (badness 10000) in paragraph at lines 197--198
\TU/DejaVuSerif(0)/m/n/10 skepticism wins before
 []


Underfull \hbox (badness 3407) in paragraph at lines 199--199
[][]\TU/DejaVuSerif(0)/m/n/10 Devorix Founding Team[][]
 []


Underfull \hbox (badness 10000) in paragraph at lines 199--199
[]|\TU/DejaVuSerif(0)/m/n/10 Cautiously
 []


Underfull \hbox (badness 10000) in paragraph at lines 199--199
\TU/DejaVuSerif(0)/m/n/10 optimistic —
 []


Underfull \hbox (badness 10000) in paragraph at lines 199--199
\TU/DejaVuSerif(0)/m/n/10 the highest-
 []


Underfull \hbox (badness 10000) in paragraph at lines 199--199
\TU/DejaVuSerif(0)/m/n/10 scrutiny mo-
 []


Underfull \hbox (badness 10000) in paragraph at lines 199--199
\TU/DejaVuSerif(0)/m/n/10 ing whether
 []


Underfull \hbox (badness 10000) in paragraph at lines 199--199
\TU/DejaVuSerif(0)/m/n/10 that touches
 []


Underfull \hbox (badness 10000) in paragraph at lines 199--199
\TU/DejaVuSerif(0)/m/n/10 the editor,
 []


Underfull \hbox (badness 10000) in paragraph at lines 199--199
\TU/DejaVuSerif(0)/m/n/10 “IDEsaster”
 []


Underfull \hbox (badness 10000) in paragraph at lines 199--199
\TU/DejaVuSerif(0)/m/n/10 wave and a
 []


Underfull \hbox (badness 10000) in paragraph at lines 199--199
\TU/DejaVuSerif(0)/m/n/10 real supply-
 []


Underfull \hbox (badness 10000) in paragraph at lines 199--199
\TU/DejaVuSerif(0)/m/n/10 chain attack
 []


Underfull \hbox (badness 10000) in paragraph at lines 199--199
\TU/DejaVuSerif(0)/m/n/10 on dev tool-
 []


Underfull \hbox (badness 10000) in paragraph at lines 199--199
\TU/DejaVuSerif(0)/m/n/10 ing [][]Devorix[][]
 []


Underfull \hbox (badness 1603) in paragraph at lines 199--200
[]|\TU/DejaVuSerif(0)/m/n/10 One-click disable visible
 []


Underfull \hbox (badness 10000) in paragraph at lines 199--200
\TU/DejaVuSerif(0)/m/n/10 reads code” guarantee
 []


Underfull \hbox (badness 1661) in paragraph at lines 199--200
\TU/DejaVuSerif(0)/m/n/10 must be checkable, not
 []


Underfull \hbox (badness 3029) in paragraph at lines 199--200
\TU/DejaVuSerif(0)/m/n/10 published data-flow dis-
 []


Underfull \hbox (badness 10000) in paragraph at lines 201--201
[]|\TU/DejaVuSerif(0)/m/n/10 3. First
 []


Underfull \hbox (badness 10000) in paragraph at lines 201--201
\TU/DejaVuSerif(0)/m/n/10 impression
 []


Underfull \hbox (badness 1142) in paragraph at lines 201--201
[]|\TU/DejaVuSerif(0)/m/n/10 Sponsor line appears in
 []


Underfull \hbox (badness 2173) in paragraph at lines 201--201
\TU/DejaVuSerif(0)/m/n/10 the thinking status line
 []


Underfull \hbox (badness 6204) in paragraph at lines 201--201
\TU/DejaVuSerif(0)/m/n/10 for the first time, $\OMS/cmsy/m/n/10 ^^U$\TU/DejaVuS
erif(0)/m/n/10 5
 []


Underfull \hbox (badness 10000) in paragraph at lines 201--201
[]|\TU/DejaVuSerif(0)/m/n/10 Mild delight
 []


Underfull \hbox (badness 3838) in paragraph at lines 201--201
\TU/DejaVuSerif(0)/m/n/10 if native and
 []


Underfull \hbox (badness 2277) in paragraph at lines 201--201
\TU/DejaVuSerif(0)/m/n/10 tasteful; mild
 []


Underfull \hbox (badness 10000) in paragraph at lines 201--201
\TU/DejaVuSerif(0)/m/n/10 annoyance
 []


Underfull \hbox (badness 10000) in paragraph at lines 201--201
\TU/DejaVuSerif(0)/m/n/10 if spammy,
 []


Underfull \hbox (badness 4279) in paragraph at lines 201--201
\TU/DejaVuSerif(0)/m/n/10 irrelevant, or
 []


Underfull \hbox (badness 10000) in paragraph at lines 201--202
[]|\TU/DejaVuSerif(0)/m/n/10 First creative shown
 []


Underfull \hbox (badness 5403) in paragraph at lines 201--202
\TU/DejaVuSerif(0)/m/n/10 early-advertiser creative
 []


Underfull \hbox (badness 7576) in paragraph at lines 201--202
\TU/DejaVuSerif(0)/m/n/10 — first impressions of
 []


Underfull \hbox (badness 10000) in paragraph at lines 203--203
\TU/DejaVuSerif(0)/m/n/10 (long mid-
 []


Underfull \hbox (badness 1331) in paragraph at lines 203--203
[]|\TU/DejaVuSerif(0)/m/n/10 Days to weeks of small
 []


Underfull \hbox (badness 10000) in paragraph at lines 203--203
\TU/DejaVuSerif(0)/m/n/10 balance increases
 []


Underfull \hbox (badness 10000) in paragraph at lines 203--203
\TU/DejaVuSerif(0)/m/n/10 (~₹3.5–17/day at re-
 []


Underfull \hbox (badness 10000) in paragraph at lines 203--203
\TU/DejaVuSerif(0)/m/n/10 alistic usage, [][]Devorix
 []


Underfull \hbox (badness 2582) in paragraph at lines 203--203
\TU/DejaVuSerif(0)/m/n/10 ile stretch —
 []


Underfull \hbox (badness 7504) in paragraph at lines 203--203
\TU/DejaVuSerif(0)/m/n/10 flat, easy to
 []


Underfull \hbox (badness 10000) in paragraph at lines 203--203
\TU/DejaVuSerif(0)/m/n/10 ing dramatic
 []


Underfull \hbox (badness 10000) in paragraph at lines 203--204
[]|\TU/DejaVuSerif(0)/m/n/10 Balance visibility (to-
 []


Underfull \hbox (badness 10000) in paragraph at lines 203--204
\TU/DejaVuSerif(0)/m/n/10 day/month/lifetime) and
 []


Underfull \hbox (badness 4832) in paragraph at lines 203--204
\TU/DejaVuSerif(0)/m/n/10 Team[][] ([][]2026a[][]) must do
 []


Underfull \hbox (badness 5091) in paragraph at lines 203--204
\TU/DejaVuSerif(0)/m/n/10 happens here, invisible
 []


Underfull \hbox (badness 10000) in paragraph at lines 205--205
[]|\TU/DejaVuSerif(0)/m/n/10 5. First
 []


Underfull \hbox (badness 1173) in paragraph at lines 205--205
\TU/DejaVuSerif(0)/m/n/10 automatically; developer
 []


Underfull \hbox (badness 4713) in paragraph at lines 205--205
\TU/DejaVuSerif(0)/m/n/10 gets a UPI notification
 []


Underfull \hbox (badness 10000) in paragraph at lines 205--205
[]|\TU/DejaVuSerif(0)/m/n/10 The single
 []


Underfull \hbox (badness 10000) in paragraph at lines 205--205
\TU/DejaVuSerif(0)/m/n/10 highest emo-
 []


Underfull \hbox (badness 10000) in paragraph at lines 205--205
\TU/DejaVuSerif(0)/m/n/10 tional peak.
 []


Underfull \hbox (badness 10000) in paragraph at lines 205--205
\TU/DejaVuSerif(0)/m/n/10 “Real money
 []


Underfull \hbox (badness 10000) in paragraph at lines 205--205
\TU/DejaVuSerif(0)/m/n/10 landed from
 []


Underfull \hbox (badness 3098) in paragraph at lines 205--205
\TU/DejaVuSerif(0)/m/n/10 an AI coding
 []


Underfull \hbox (badness 10000) in paragraph at lines 205--205
\TU/DejaVuSerif(0)/m/n/10 tool” is the
 []


Underfull \hbox (badness 10000) in paragraph at lines 205--205
\TU/DejaVuSerif(0)/m/n/10 believable,
 []


Underfull \hbox (badness 10000) in paragraph at lines 207--207
[]|\TU/DejaVuSerif(0)/m/n/10 Keeps the client past
 []


Underfull \hbox (badness 10000) in paragraph at lines 207--207
\TU/DejaVuSerif(0)/m/n/10 novelty, maybe refers
 []


Underfull \hbox (badness 3354) in paragraph at lines 207--207
\TU/DejaVuSerif(0)/m/n/10 friends, checks balance
 []


Underfull \hbox (badness 2932) in paragraph at lines 207--207
\TU/DejaVuSerif(0)/m/n/10 tion — “beer
 []


Underfull \hbox (badness 10000) in paragraph at lines 207--207
\TU/DejaVuSerif(0)/m/n/10 money that
 []


Underfull \hbox (badness 1874) in paragraph at lines 207--207
\TU/DejaVuSerif(0)/m/n/10 adds up” [][]De-
 []


Underfull \hbox (badness 10000) in paragraph at lines 207--207
\TU/DejaVuSerif(0)/m/n/10 vorix Found-
 []


Underfull \hbox (badness 10000) in paragraph at lines 207--207
\TU/DejaVuSerif(0)/m/n/10 ing Team[][]
 []


Underfull \hbox (badness 2005) in paragraph at lines 207--208
[]|\TU/DejaVuSerif(0)/m/n/10 Week-4 retention is \TU/DejaVuSerif(0)/m/it/10 the

 []


Underfull \hbox (badness 10000) in paragraph at lines 207--208
\TU/DejaVuSerif(0)/m/n/10 most important open
 []


Underfull \hbox (badness 10000) in paragraph at lines 207--208
\TU/DejaVuSerif(0)/m/n/10 — instrument cohorts
 []


Underfull \hbox (badness 10000) in paragraph at lines 209--209
[]|\TU/DejaVuSerif(0)/m/n/10 Novelty fades before
 []


Underfull \hbox (badness 2608) in paragraph at lines 209--209
\TU/DejaVuSerif(0)/m/n/10 ₹300, or the developer
 []


Underfull \hbox (badness 10000) in paragraph at lines 209--209
\TU/DejaVuSerif(0)/m/n/10 forgets/uninstalls; con-
 []


Underfull \hbox (badness 10000) in paragraph at lines 209--209
[]|\TU/DejaVuSerif(0)/m/n/10 Indifference,
 []


Underfull \hbox (badness 10000) in paragraph at lines 209--209
\TU/DejaVuSerif(0)/m/n/10 not anger
 []


Underfull \hbox (badness 10000) in paragraph at lines 209--209
\TU/DejaVuSerif(0)/m/n/10 — the more
 []


Underfull \hbox (badness 10000) in paragraph at lines 209--209
\TU/DejaVuSerif(0)/m/n/10 likely failure
 []


Underfull \hbox (badness 1314) in paragraph at lines 209--209
\TU/DejaVuSerif(0)/m/n/10 mode [][]Devorix[][]
 []


Underfull \hbox (badness 4608) in paragraph at lines 209--210
\TU/DejaVuSerif(0)/m/n/10 case. Make the rare
 []


Underfull \hbox (badness 3492) in paragraph at lines 209--210
\TU/DejaVuSerif(0)/m/n/10 engagement moment (a
 []


LaTeX Warning: Float too large for page by 246.97713pt on input line 214.

[29

] [30] [31

]
Overfull \hbox (10.53252pt too wide) in paragraph at lines 236--237
\TU/DejaVuSerif(0)/m/n/10.95 stages plotted with emotional annotation, marking 
the accrual trough as “where
 []


Overfull \hbox (13.07329pt too wide) in paragraph at lines 237--238
\TU/DejaVuSerif(0)/m/n/10.95 pressions, price-vs-Carbon, clone longevity, brand
 safety, audience size) mapped
 []


Overfull \hbox (4.88107pt too wide) in paragraph at lines 237--238
\TU/DejaVuSerif(0)/m/n/10.95 to the proof artifact that resolves each (honest r
anged report, captive-attention
 []

) (./chapters/05_business_strategy.tex [32]
Chapter 5.
[33

]
Underfull \hbox (badness 10000) in paragraph at lines 36--36
[]|\TU/DejaVuSerif(0)/b/n/10.95 Activates
 []


Underfull \hbox (badness 10000) in paragraph at lines 38--38
[]|\TU/DejaVuSerif(0)/m/n/10.95 Flat monthly sponsor-
 []


Underfull \hbox (badness 1297) in paragraph at lines 38--38
\TU/DejaVuSerif(0)/m/n/10.95 N active Indian develop-
 []


Underfull \hbox (badness 10000) in paragraph at lines 38--39
[]|\TU/DejaVuSerif(0)/m/n/10.95 House-ad serving
 []


Underfull \hbox (badness 10000) in paragraph at lines 38--39
\TU/DejaVuSerif(0)/m/n/10.95 engine + manual
 []


Underfull \hbox (badness 10000) in paragraph at lines 39--39
[]|\TU/DejaVuSerif(0)/m/n/10.95 5–10 adver-
 []


Underfull \hbox (badness 10000) in paragraph at lines 39--39
[]|\TU/DejaVuSerif(0)/m/n/10.95 Publish the reconciled
 []


Underfull \hbox (badness 1122) in paragraph at lines 39--39
\TU/DejaVuSerif(0)/m/it/10.95 Internal assumption\TU/DejaVuSerif(0)/m/n/10.95 )
 and
 []


Underfull \hbox (badness 10000) in paragraph at lines 39--40
[]|\TU/DejaVuSerif(0)/m/n/10.95 Fixed-price block-
 []


Underfull \hbox (badness 1668) in paragraph at lines 39--40
\TU/DejaVuSerif(0)/m/n/10.95 is when the system
 []


Underfull \hbox (badness 2573) in paragraph at lines 39--40
\TU/DejaVuSerif(0)/m/n/10.95 starts handling real
 []


Underfull \hbox (badness 10000) in paragraph at lines 39--40
\TU/DejaVuSerif(0)/m/n/10.95 recurring revenue,
 []


Underfull \hbox (badness 10000) in paragraph at lines 39--40
\TU/DejaVuSerif(0)/m/n/10.95 not just existing
 []


Underfull \hbox (badness 10000) in paragraph at lines 40--40
[]|\TU/DejaVuSerif(0)/m/n/10.95 Real-time second-price
 []


Underfull \hbox (badness 10000) in paragraph at lines 40--41
[]|\TU/DejaVuSerif(0)/m/n/10.95 Built only once
 []


Underfull \hbox (badness 10000) in paragraph at lines 40--41
\TU/DejaVuSerif(0)/m/n/10.95 supply-side liquid-
 []


Underfull \hbox (badness 2790) in paragraph at lines 40--41
\TU/DejaVuSerif(0)/m/n/10.95 ity is large enough
 []


Overfull \hbox (10.32094pt too wide) in paragraph at lines 45--46
[]\TU/DejaVuSerif(0)/m/n/10.95 In practice today: 1 advertiser = ₹15,000/mo; 2–
3 advertisers = ₹30,000–45,000/mo;
 []

[34]
Overfull \hbox (1.8388pt too wide) in paragraph at lines 51--52
\TU/DejaVuSerif(0)/m/n/10.95 matching category convention (Kickbacks, IdleAds) 
and the existing technical spec,
 []


Underfull \hbox (badness 10000) in paragraph at lines 64--64
[]|\TU/DejaVuSerif(0)/m/n/10.95 Dev rev-
 []


Underfull \hbox (badness 10000) in paragraph at lines 64--64
[]|\TU/DejaVuSerif(0)/m/n/10.95 50/50
 []


Underfull \hbox (badness 10000) in paragraph at lines 64--64
[]|\TU/DejaVuSerif(0)/m/n/10.95 70% (90%
 []


Underfull \hbox (badness 10000) in paragraph at lines 65--65
[]|\TU/DejaVuSerif(0)/m/n/10.95 Non-
 []


Underfull \hbox (badness 10000) in paragraph at lines 65--65
\TU/DejaVuSerif(0)/m/n/10.95 patching,
 []


Underfull \hbox (badness 10000) in paragraph at lines 65--65
\TU/DejaVuSerif(0)/m/n/10.95 status-bar
 []


Underfull \hbox (badness 10000) in paragraph at lines 65--65
\TU/DejaVuSerif(0)/m/n/10.95 only, never
 []


Underfull \hbox (badness 10000) in paragraph at lines 65--65
[]|\TU/DejaVuSerif(0)/m/n/10.95 Patches
 []


Underfull \hbox (badness 10000) in paragraph at lines 65--65
\TU/DejaVuSerif(0)/m/n/10.95 Claude ren-
 []


Underfull \hbox (badness 4686) in paragraph at lines 65--65
\TU/DejaVuSerif(0)/m/n/10.95 dering layer
 []


Underfull \hbox (badness 10000) in paragraph at lines 65--66
[]|\TU/DejaVuSerif(0)/m/n/10.95 Sidebar dis-
 []


Underfull \hbox (badness 3229) in paragraph at lines 66--66
[]|\TU/DejaVuSerif(0)/m/n/10.95 Native auto-
 []


Underfull \hbox (badness 10000) in paragraph at lines 66--66
\TU/DejaVuSerif(0)/m/n/10.95 mated UPI
 []


Underfull \hbox (badness 10000) in paragraph at lines 66--66
\TU/DejaVuSerif(0)/m/n/10.95 (RazorpayX),
 []


Underfull \hbox (badness 10000) in paragraph at lines 66--66
[]|\TU/DejaVuSerif(0)/m/n/10.95 Stripe Con-
 []


Underfull \hbox (badness 10000) in paragraph at lines 66--66
\TU/DejaVuSerif(0)/m/n/10.95 nect (India-
 []


Underfull \hbox (badness 1708) in paragraph at lines 66--66
\TU/DejaVuSerif(0)/m/n/10.95 blocked, not
 []


Underfull \hbox (badness 10000) in paragraph at lines 67--67
[]|\TU/DejaVuSerif(0)/m/n/10.95 India-first,
 []


Underfull \hbox (badness 10000) in paragraph at lines 67--67
[]|\TU/DejaVuSerif(0)/m/n/10.95 Global,
 []


Underfull \hbox (badness 10000) in paragraph at lines 67--67
\TU/DejaVuSerif(0)/m/n/10.95 India-
 []


Underfull \hbox (badness 10000) in paragraph at lines 68--68
[]|\TU/DejaVuSerif(0)/m/n/10.95 Trust posi-
 []


Underfull \hbox (badness 10000) in paragraph at lines 68--68
[]|\TU/DejaVuSerif(0)/m/n/10.95 “Non-
 []


Underfull \hbox (badness 10000) in paragraph at lines 68--68
\TU/DejaVuSerif(0)/m/n/10.95 patching,
 []


Underfull \hbox (badness 10000) in paragraph at lines 68--68
\TU/DejaVuSerif(0)/m/n/10.95 never reads
 []


Underfull \hbox (badness 10000) in paragraph at lines 68--68
\TU/DejaVuSerif(0)/m/n/10.95 your code,”
 []


Underfull \hbox (badness 10000) in paragraph at lines 68--68
[]|\TU/DejaVuSerif(0)/m/n/10.95 Already
 []


Underfull \hbox (badness 10000) in paragraph at lines 68--68
\TU/DejaVuSerif(0)/m/n/10.95 claims the
 []


Underfull \hbox (badness 10000) in paragraph at lines 68--68
\TU/DejaVuSerif(0)/m/n/10.95 same trust
 []


Underfull \hbox (badness 10000) in paragraph at lines 68--68
\TU/DejaVuSerif(0)/m/n/10.95 positioning
 []


Underfull \hbox (badness 10000) in paragraph at lines 68--69
[]|\TU/DejaVuSerif(0)/m/n/10.95 Mature
 []


Underfull \hbox (badness 10000) in paragraph at lines 68--69
\TU/DejaVuSerif(0)/m/n/10.95 trusted net-
 []


Underfull \hbox (badness 1360) in paragraph at lines 69--69
[]|\TU/DejaVuSerif(0)/m/n/10.95 Verified pay-
 []


Underfull \hbox (badness 1478) in paragraph at lines 69--69
\TU/DejaVuSerif(0)/m/n/10.95 ing advertis-
 []


Underfull \hbox (badness 6477) in paragraph at lines 69--69
[]|\TU/DejaVuSerif(0)/m/n/10.95 0 (category-
 []


Overfull \hbox (46.99501pt too wide) in paragraph at lines 69--70
[]|\TU/DejaVuSerif(0)/m/n/10.95 Okta/GitLab/MongoDB
 []


Underfull \hbox (badness 10000) in paragraph at lines 69--70
\TU/DejaVuSerif(0)/m/n/10.95 (audited
 []

[35] [36]
Overfull \hbox (7.96342pt too wide) in paragraph at lines 85--86
\TU/DejaVuSerif(0)/m/n/10.95 crete assets already exist: a verifiable non-patch
ing architecture (a real, citable
 []


Overfull \hbox (15.63647pt too wide) in paragraph at lines 85--86
\TU/DejaVuSerif(0)/m/n/10.95 vantage for an India audience that has been burned
 by foreign-platform promises
 []


Overfull \hbox (10.2728pt too wide) in paragraph at lines 88--89
[]\TU/DejaVuSerif(0)/b/n/10.95 The structural reason the mechanic itself cannot
 be the moat: multi-homing.
 []


Overfull \hbox (7.73953pt too wide) in paragraph at lines 88--89
\TU/DejaVuSerif(0)/b/n/10.95 (Verified fact, marketplace-defensibility literatu
re) [][]\TU/DejaVuSerif(0)/m/n/10.95 Chen[][] ([][]2021[][]): multi-homing
 []

[37] [38]) (./chapters/06_product_requirements.tex [39] [40]
Chapter 6.

Overfull \hbox (0.73409pt too wide) in paragraph at lines 14--15
[]\TU/DejaVuSerif(0)/m/n/10.95 The client SHALL inject exactly one sponsored li
ne into Claude Code’s think-
 []

[41

]
Overfull \hbox (14.40886pt too wide) in paragraph at lines 21--22
\TU/DejaVuSerif(0)/m/n/10.95 tectural guarantee, not a configurable setting [][
]Devorix Founding Team[][] ([][]2026a[][],[][]b[][]).
 []


Overfull \hbox (3.3605pt too wide) in paragraph at lines 39--40
\TU/DejaVuSerif(0)/m/n/10.95 processing $\OMS/cmsy/m/n/10.95 !$ \TU/DejaVuSerif
(0)/m/n/10.95 processed/failed/reversed) back into the ledger [][]Devorix[][] (
[][]2026b[][]);
 []

[42]
Overfull \hbox (3.55182pt too wide) in paragraph at lines 41--42
[]\TU/DejaVuSerif(0)/m/n/10.95 The accrued balance SHALL be modeled and describ
ed strictly as a payable
 []


Overfull \hbox (10.03844pt too wide) in paragraph at lines 52--53
[]\TU/DejaVuSerif(0)/m/n/10.95 Payout webhook reconciliation SHALL
 []


Overfull \hbox (15.51764pt too wide) in paragraph at lines 52--53
\TU/DejaVuSerif(0)/m/n/10.95 be idempotent and SHALL resolve all terminal state
s (processed/failed/reversed)
 []

[43] [44]
Underfull \hbox (badness 10000) in paragraph at lines 97--97
\TU/DejaVuSerif(0)/m/n/10 active (client en-
 []


Underfull \hbox (badness 4699) in paragraph at lines 97--97
\TU/DejaVuSerif(0)/m/n/10 get; first cohort
 []


Underfull \hbox (badness 1097) in paragraph at lines 97--97
\TU/DejaVuSerif(0)/m/n/10 the 14-day sprint
 []


Underfull \hbox (badness 10000) in paragraph at lines 97--98
[]|\TU/DejaVuSerif(0)/m/n/10 Early signal on
 []


Underfull \hbox (badness 1303) in paragraph at lines 99--99
[]|\TU/DejaVuSerif(0)/m/n/10 D30 / week-4
 []


Underfull \hbox (badness 10000) in paragraph at lines 99--99
[]|\TU/DejaVuSerif(0)/m/n/10 % still active 30
 []


Underfull \hbox (badness 10000) in paragraph at lines 99--99
\TU/DejaVuSerif(0)/m/n/10 but “developers
 []


Underfull \hbox (badness 10000) in paragraph at lines 99--99
\TU/DejaVuSerif(0)/m/n/10 fades” must be
 []


Underfull \hbox (badness 1622) in paragraph at lines 99--100
\TU/DejaVuSerif(0)/m/n/10 the business [][]Devorix[][]
 []


Underfull \hbox (badness 1264) in paragraph at lines 101--101
[]|\TU/DejaVuSerif(0)/m/n/10 Advertiser re-
 []


Underfull \hbox (badness 2359) in paragraph at lines 101--101
\TU/DejaVuSerif(0)/m/n/10 ers paid \TU/DejaVuSerif(0)/m/it/10 and \TU/DejaVuSer
if(0)/m/n/10 re-
 []


Underfull \hbox (badness 6893) in paragraph at lines 101--102
[]|\TU/DejaVuSerif(0)/m/n/10 Proves the loop on
 []


Underfull \hbox (badness 2635) in paragraph at lines 101--102
\TU/DejaVuSerif(0)/m/n/10 the side that is the
 []


Underfull \hbox (badness 10000) in paragraph at lines 103--103
[]|\TU/DejaVuSerif(0)/m/n/10 % of impression
 []


Underfull \hbox (badness 10000) in paragraph at lines 103--103
[]|\TU/DejaVuSerif(0)/m/n/10 “The most im-
 []


Underfull \hbox (badness 10000) in paragraph at lines 103--103
\TU/DejaVuSerif(0)/m/n/10 portant [metric]
 []


Underfull \hbox (badness 10000) in paragraph at lines 103--103
\TU/DejaVuSerif(0)/m/n/10 early” [][]Devorix
 []


Underfull \hbox (badness 10000) in paragraph at lines 103--103
\TU/DejaVuSerif(0)/m/n/10 Founding Team[][]
 []


Underfull \hbox (badness 10000) in paragraph at lines 103--104
[]|\TU/DejaVuSerif(0)/m/n/10 Directly measures
 []


Underfull \hbox (badness 7522) in paragraph at lines 103--104
\TU/DejaVuSerif(0)/m/n/10 whether real adver-
 []


Underfull \hbox (badness 10000) in paragraph at lines 103--104
\TU/DejaVuSerif(0)/m/n/10 tiser demand exists
 []


Underfull \hbox (badness 10000) in paragraph at lines 105--105
[]|\TU/DejaVuSerif(0)/m/n/10 Payout suc-
 []


Underfull \hbox (badness 10000) in paragraph at lines 105--105
\TU/DejaVuSerif(0)/m/n/10 ing \TU/DejaVuSansMono(0)/m/n/10 processed
 []


Underfull \hbox (badness 10000) in paragraph at lines 105--105
\TU/DejaVuSerif(0)/m/n/10 on first attempt
 []


Underfull \hbox (badness 10000) in paragraph at lines 105--105
\TU/DejaVuSerif(0)/m/n/10 without manual
 []


Underfull \hbox (badness 10000) in paragraph at lines 105--105
[]|\TU/DejaVuSerif(0)/m/n/10 Track from the
 []


Underfull \hbox (badness 10000) in paragraph at lines 105--105
\TU/DejaVuSerif(0)/m/n/10 first live payout
 []


Underfull \hbox (badness 1127) in paragraph at lines 105--105
\TU/DejaVuSerif(0)/m/n/10 onward; no fixed
 []


Underfull \hbox (badness 1028) in paragraph at lines 105--106
\TU/DejaVuSerif(0)/m/n/10 ric [][]Devorix Founding
 []


Underfull \hbox (badness 10000) in paragraph at lines 107--107
[]|\TU/DejaVuSerif(0)/m/n/10 % of raw events
 []


Underfull \hbox (badness 1661) in paragraph at lines 107--107
\TU/DejaVuSerif(0)/m/n/10 billing/payout eligi-
 []


Underfull \hbox (badness 10000) in paragraph at lines 107--108
\TU/DejaVuSerif(0)/m/n/10 existential per [][]De-
 []


Underfull \hbox (badness 1147) in paragraph at lines 107--108
\TU/DejaVuSerif(0)/m/n/10 vorix Founding Team[][]
 []


Underfull \hbox (badness 10000) in paragraph at lines 109--109
[]|\TU/DejaVuSerif(0)/m/n/10 Cumulative client
 []


Underfull \hbox (badness 4193) in paragraph at lines 109--110
\TU/DejaVuSerif(0)/m/n/10 plicitly secondary to
 []


Underfull \hbox (badness 4673) in paragraph at lines 109--110
\TU/DejaVuSerif(0)/m/n/10 advertiser proof [][]De-
 []


Underfull \hbox (badness 10000) in paragraph at lines 111--111
[]|\TU/DejaVuSerif(0)/m/n/10 Gross advertiser
 []


Underfull \hbox (badness 2564) in paragraph at lines 111--111
[]|\TU/DejaVuSerif(0)/m/n/10 ₹15k $\OMS/cmsy/m/n/10 !$ \TU/DejaVuSerif(0)/m/n/1
0 ₹30k $\OMS/cmsy/m/n/10 !$
 []


Underfull \hbox (badness 10000) in paragraph at lines 111--111
\TU/DejaVuSerif(0)/m/n/10 ₹30k $\OMS/cmsy/m/n/10 !$ \TU/DejaVuSerif(0)/m/n/10 ₹
45k;
 []


Underfull \hbox (badness 10000) in paragraph at lines 111--111
\TU/DejaVuSerif(0)/m/n/10 cumulative net
 []


Underfull \hbox (badness 10000) in paragraph at lines 111--111
\TU/DejaVuSerif(0)/m/n/10 ~₹39,500 by
 []


Underfull \hbox (badness 1460) in paragraph at lines 111--112
[]|\TU/DejaVuSerif(0)/m/n/10 The explicit financial
 []


Overfull \hbox (14.47179pt too wide) in paragraph at lines 118--118
|[]\TU/DejaVuSerif(0)/b/n/14.4 Acceptance Criteria (Highest-Risk / Highest-Leve
rage
 []

[45] [46]
Overfull \hbox (12.37392pt too wide) in paragraph at lines 154--155
[]\TU/DejaVuSerif(0)/m/n/10.95 Given an advertiser requests a report, when gene
rated, then all impression/click
 []

LaTeX Font Info:    External font `cmex10' loaded for size
(Font)              <12> on input line 157.
[47]
Overfull \hbox (47.04176pt too wide) in paragraph at lines 176--177
\TU/DejaVuSerif(0)/m/n/10.95 zorpayX payout $\OMS/cmsy/m/n/10.95 !$ \TU/DejaVuS
erif(0)/m/n/10.95 webhook states (queued $\OMS/cmsy/m/n/10.95 !$ \TU/DejaVuSeri
f(0)/m/n/10.95 processing $\OMS/cmsy/m/n/10.95 !$ \TU/DejaVuSerif(0)/m/n/10.95 
processed/failed/reversed)
 []

) (./chapters/07_system_architecture.tex [48]
Chapter 7.

Overfull \hbox (0.75127pt too wide) in paragraph at lines 5--6
\TU/DejaVuSerif(0)/m/it/10.95 isting v1 design in real-world comparables and ad
ds an explicitly-labelled
 []


Overfull \hbox (47.53204pt too wide) in paragraph at lines 13--14
\TU/DejaVuSerif(0)/m/n/10.95 names the single most common way pre-seed pitches 
lose credibility: mixing infrastructure-
 []

[49

]
Overfull \hbox (11.86879pt too wide) in paragraph at lines 32--33
\TU/DejaVuSerif(0)/b/n/10.95 money ledger is strictly separated from impression
 ingestion \TU/DejaVuSerif(0)/m/n/10.95 (\TU/DejaVuSansMono(0)/m/n/10.95 00-MVP
-spec.md
 []


Underfull \hbox (badness 1968) in paragraph at lines 42--43
[]|\TU/DejaVuSerif(0)/m/n/10.95 Inject the sponsor line, count im-
 []


Underfull \hbox (badness 10000) in paragraph at lines 43--43
[]|\TU/DejaVuSerif(0)/m/n/10.95 India-region cloud
 []


Underfull \hbox (badness 10000) in paragraph at lines 43--43
\TU/DejaVuSerif(0)/m/n/10.95 (AWS/GCP Mumbai,
 []


Overfull \hbox (65.41284pt too wide) in paragraph at lines 55--56
[]\TU/DejaVuSerif(0)/m/n/10.95 A small local agent plus a Claude Code status-li
ne integration (\TU/DejaVuSansMono(0)/m/n/10.95 ~/.claude/settings.json
 []

[50]
Overfull \hbox (15.18373pt too wide) in paragraph at lines 59--60
\TU/DejaVuSerif(0)/m/n/10.95 the machine) and renders ads in \TU/DejaVuSerif(0)
/b/n/10.95 isolated webviews \TU/DejaVuSerif(0)/m/n/10.95 to avoid editor-perfo
rmance
 []


Overfull \hbox (32.35228pt too wide) in paragraph at lines 60--61
\TU/DejaVuSerif(0)/m/n/10.95 The \TU/DejaVuSerif(0)/b/n/10.95 backend, not the 
client, decides what is billable/payable \TU/DejaVuSerif(0)/m/n/10.95 (\TU/Deja
VuSansMono(0)/m/n/10.95 00-MVP-spec.md
 []

[51]
Overfull \hbox (2.69032pt too wide) in paragraph at lines 80--81
[]\TU/DejaVuSerif(0)/m/n/10.95 Minimum display time (5s); max-events-per-hour-p
er-device ceiling; plausible-
 []


Overfull \hbox (1.84259pt too wide) in paragraph at lines 85--86
[]\TU/DejaVuSerif(0)/b/n/10.95 Verified fact \TU/DejaVuSerif(0)/m/n/10.95 (synt
hesized from ([][]Fraudlogix[][], [][]2026[][]; [][]HUMAN Security[][], [][]202
6[][]; [][]atul4u[][],
 []

[52]
Overfull \hbox (7.63995pt too wide) in paragraph at lines 97--98
\TU/DejaVuSerif(0)/m/n/10.95 visible balance is always a \TU/DejaVuSerif(0)/m/i
t/10.95 derived read \TU/DejaVuSerif(0)/m/n/10.95 (\TU/DejaVuSansMono(0)/m/n/10
.95 SUM(credits) - SUM(debits)\TU/DejaVuSerif(0)/m/n/10.95 ), never
 []


Overfull \hbox (25.32465pt too wide) in paragraph at lines 98--99
\TU/DejaVuSerif(0)/m/n/10.95 that passed the fraud filter and are eligible to g
enerate payable) and \TU/DejaVuSansMono(0)/m/n/10.95 dev_balances
 []


Overfull \hbox (34.48703pt too wide) in paragraph at lines 100--101
\TU/DejaVuSerif(0)/m/n/10.95 velopers. This keeps the design outside RBI’s PPI/
wallet definition (\TU/DejaVuSansMono(0)/m/n/10.95 MASTER-PLAN.md
 []


Overfull \hbox (1.17007pt too wide) in paragraph at lines 102--103
\TU/DejaVuSerif(0)/m/n/10.95 standard fintech but \TU/DejaVuSerif(0)/b/n/10.95 
not needed for INR-only Phase 1\TU/DejaVuSerif(0)/m/n/10.95 . Forward-compatibl
e
 []


Overfull \hbox (7.11862pt too wide) in paragraph at lines 102--103
\TU/DejaVuSerif(0)/m/n/10.95 constraint: don’t hardcode INR-only assumptions in
to the schema, even though
 []


Overfull \hbox (32.91692pt too wide) in paragraph at lines 102--103
\TU/DejaVuSerif(0)/m/n/10.95 Phase 1 is INR-only — relevant only when Global Ph
ase 2 activates (\TU/DejaVuSansMono(0)/m/n/10.95 MASTER-PLAN.md
 []

[53]
Overfull \hbox (8.00923pt too wide) in paragraph at lines 108--109
\TU/DejaVuSerif(0)/m/n/10.95 Minimal: current balance (today/month/lifetime), p
ayout settings (UPI VPA or bank),
 []


Overfull \hbox (36.959pt too wide) in paragraph at lines 121--122
\TU/DejaVuSerif(0)/m/n/10.95 payouts. Confirmed accurate against current docs; 
no correction to \TU/DejaVuSansMono(0)/m/n/10.95 00-MVP-spec.md
 []


Overfull \hbox (0.70049pt too wide) in paragraph at lines 122--123
[]\TU/DejaVuSerif(0)/m/n/10.95 Threshold batch job: when a developer’s accrued 
\TU/DejaVuSansMono(0)/m/n/10.95 dev_balances \TU/DejaVuSerif(0)/m/n/10.95 cross
es \TU/DejaVuSerif(0)/b/n/10.95 ₹300
 []

[54] [55]
Overfull \hbox (48.38367pt too wide) in paragraph at lines 153--154
\TU/DejaVuSerif(0)/m/n/10.95 the advertiser report (manual monthly email/PDF) i
s generated from \TU/DejaVuSansMono(0)/m/n/10.95 billable_events
 []


Overfull \hbox (6.62015pt too wide) in paragraph at lines 169--170
[]\TU/DejaVuSerif(0)/b/n/10.95 No referral/streak/retention gamification \TU/De
jaVuSerif(0)/m/n/10.95 — useful later for the thin-payout
 []

[56] [57]
Underfull \hbox (badness 3547) in paragraph at lines 218--218
[]|\TU/DejaVuSerif(0)/b/n/10 Tier 0 (v1, build
 []


Underfull \hbox (badness 10000) in paragraph at lines 218--219
[]|\TU/DejaVuSerif(0)/b/n/10 Tier 2 (future,
 []


Underfull \hbox (badness 10000) in paragraph at lines 220--220
[]|\TU/DejaVuSerif(0)/m/n/10 Static con-
 []


Underfull \hbox (badness 6445) in paragraph at lines 220--220
\TU/DejaVuSerif(0)/m/n/10 fig/rotation, manual
 []


Underfull \hbox (badness 10000) in paragraph at lines 220--220
[]|\TU/DejaVuSerif(0)/m/n/10 Self-serve dash-
 []


Underfull \hbox (badness 3590) in paragraph at lines 220--220
\TU/DejaVuSerif(0)/m/n/10 board, budget/block
 []


Underfull \hbox (badness 10000) in paragraph at lines 220--221
[]|\TU/DejaVuSerif(0)/m/n/10 Real-time second-
 []


Underfull \hbox (badness 7851) in paragraph at lines 221--221
[]|\TU/DejaVuSerif(0)/m/n/10 Flat monthly spon-
 []


Underfull \hbox (badness 6825) in paragraph at lines 221--222
[]|\TU/DejaVuSerif(0)/m/n/10 Bid-determined, dy-
 []


Underfull \hbox (badness 2856) in paragraph at lines 222--222
[]|\TU/DejaVuSerif(0)/m/n/10 Geo + coarse (lan-
 []


Underfull \hbox (badness 10000) in paragraph at lines 222--223
[]|\TU/DejaVuSerif(0)/m/n/10 Real-time, context-
 []


Underfull \hbox (badness 10000) in paragraph at lines 223--224
[]|\TU/DejaVuSerif(0)/m/n/10 Streaming anomaly
 []


Underfull \hbox (badness 10000) in paragraph at lines 224--224
[]|\TU/DejaVuSerif(0)/m/n/10 Postgres (single
 []


Underfull \hbox (badness 10000) in paragraph at lines 224--224
[]|\TU/DejaVuSerif(0)/m/n/10 Postgres, possibly
 []


Underfull \hbox (badness 10000) in paragraph at lines 224--224
\TU/DejaVuSerif(0)/m/n/10 split raw/billable
 []


Underfull \hbox (badness 10000) in paragraph at lines 224--225
[]|\TU/DejaVuSerif(0)/m/n/10 Dedicated analytics
 []


Underfull \hbox (badness 10000) in paragraph at lines 225--226
[]|\TU/DejaVuSerif(0)/m/n/10 Self-serve + pro-
 []


Overfull \hbox (1.44438pt too wide) in paragraph at lines 226--226
[]|\TU/DejaVuSerif(0)/m/n/10 Ledger/payout| 
 []


Underfull \hbox (badness 10000) in paragraph at lines 226--226
[]|\TU/DejaVuSerif(0)/m/n/10 Postgres double-
 []


Underfull \hbox (badness 5711) in paragraph at lines 226--226
\TU/DejaVuSerif(0)/m/n/10 entry + RazorpayX
 []


Underfull \hbox (badness 10000) in paragraph at lines 226--227
[]|\TU/DejaVuSerif(0)/m/n/10 Same (higher vol-
 []

[58]
Overfull \hbox (29.61795pt too wide) in paragraph at lines 252--252
 []\TU/DejaVuSerif(0)/m/n/10 (\TU/DejaVuSansMono(0)/m/n/10 ~/.claude/settings.j
son\TU/DejaVuSerif(0)/m/n/10 ) 
 []


Overfull \hbox (145.28043pt too wide) in paragraph at lines 298--299
 [][] 
 []


Overfull \hbox (29.4776pt too wide) in paragraph at lines 367--368
 [][] 
 []

) (./chapters/08_go_to_market.tex
Overfull \hbox (10.14005pt too wide) in paragraph at lines 451--1
\TU/DejaVuSerif(0)/m/n/10.95 The v1 architecture in \TU/DejaVuSansMono(0)/m/n/1
0.95 00-MVP-spec.md \TU/DejaVuSerif(0)/m/n/10.95 is already correctly scoped fo
r a solo founder,
 []

[59] [60] [61] [62]
Chapter 8.

Underfull \hbox (badness 5711) in paragraph at lines 22--22
[]|\TU/DejaVuSerif(0)/b/n/10.95 What it does NOT
 []


Overfull \hbox (22.63487pt too wide) in paragraph at lines 22--23
[]|\TU/DejaVuSerif(0)/b/n/10.95 Confidence| 
 []


Underfull \hbox (badness 10000) in paragraph at lines 24--24
[]|\TU/DejaVuSerif(0)/m/n/10.95 A near-zero-budget
 []


Underfull \hbox (badness 10000) in paragraph at lines 24--24
\TU/DejaVuSerif(0)/m/n/10.95 real scale inbound-
 []


Underfull \hbox (badness 7099) in paragraph at lines 24--24
\TU/DejaVuSerif(0)/m/n/10.95 only: HN launch 4
 []


Underfull \hbox (badness 10000) in paragraph at lines 24--24
\TU/DejaVuSerif(0)/m/n/10.95 weeks into building,
 []


Underfull \hbox (badness 4713) in paragraph at lines 24--24
\TU/DejaVuSerif(0)/m/n/10.95 ~300 deployments in
 []


Underfull \hbox (badness 4217) in paragraph at lines 24--24
\TU/DejaVuSerif(0)/m/n/10.95 days, 1,000 users in
 []


Underfull \hbox (badness 2213) in paragraph at lines 24--24
\TU/DejaVuSerif(0)/m/n/10.95 PostHog is a product
 []


Underfull \hbox (badness 10000) in paragraph at lines 24--24
\TU/DejaVuSerif(0)/m/n/10.95 developers actively
 []


Underfull \hbox (badness 10000) in paragraph at lines 24--25
[]|\TU/DejaVuSerif(0)/m/n/10.95 Verified
 []


Underfull \hbox (badness 10000) in paragraph at lines 25--25
\TU/DejaVuSerif(0)/m/n/10.95 launch-day orches-
 []


Underfull \hbox (badness 10000) in paragraph at lines 25--25
\TU/DejaVuSerif(0)/m/n/10.95 tration: HN launch
 []


Underfull \hbox (badness 10000) in paragraph at lines 25--25
\TU/DejaVuSerif(0)/m/n/10.95 posted by a third-
 []


Underfull \hbox (badness 8038) in paragraph at lines 25--25
\TU/DejaVuSerif(0)/m/n/10.95 most-upvoted dev-tool
 []


Underfull \hbox (badness 1117) in paragraph at lines 25--25
\TU/DejaVuSerif(0)/m/n/10.95 Stripe), with YC used
 []


Underfull \hbox (badness 2689) in paragraph at lines 25--25
\TU/DejaVuSerif(0)/m/n/10.95 pull – this category’s
 []


Underfull \hbox (badness 10000) in paragraph at lines 25--25
\TU/DejaVuSerif(0)/m/n/10.95 weak (see Kickbacks
 []


Underfull \hbox (badness 10000) in paragraph at lines 25--26
[]|\TU/DejaVuSerif(0)/m/n/10.95 Verified
 []


Underfull \hbox (badness 10000) in paragraph at lines 26--26
[]|\TU/DejaVuSerif(0)/m/n/10.95 T3 Chat
 []


Underfull \hbox (badness 10000) in paragraph at lines 26--26
\TU/DejaVuSerif(0)/m/n/10.95 / Theo
 []


Underfull \hbox (badness 10000) in paragraph at lines 26--26
[]|\TU/DejaVuSerif(0)/m/n/10.95 Owned-audience-led
 []


Underfull \hbox (badness 10000) in paragraph at lines 26--26
\TU/DejaVuSerif(0)/m/n/10.95 than cold discovery:
 []


Underfull \hbox (badness 10000) in paragraph at lines 26--26
\TU/DejaVuSerif(0)/m/n/10.95 7-figure ARR on a
 []


Underfull \hbox (badness 10000) in paragraph at lines 26--26
\TU/DejaVuSerif(0)/m/n/10.95 pre-existing creator
 []


Underfull \hbox (badness 6575) in paragraph at lines 26--26
[]|\TU/DejaVuSerif(0)/m/n/10.95 Not replicable – the
 []


Underfull \hbox (badness 10000) in paragraph at lines 26--26
\TU/DejaVuSerif(0)/m/n/10.95 solo Devorix founder
 []


Underfull \hbox (badness 3514) in paragraph at lines 26--26
\TU/DejaVuSerif(0)/m/n/10.95 has no dev-influencer
 []


Underfull \hbox (badness 10000) in paragraph at lines 26--27
[]|\TU/DejaVuSerif(0)/m/n/10.95 Verified
 []


Underfull \hbox (badness 10000) in paragraph at lines 27--27
[]|\TU/DejaVuSerif(0)/m/n/10.95 A sub-$1,000 multi-
 []


Underfull \hbox (badness 10000) in paragraph at lines 27--27
\TU/DejaVuSerif(0)/m/n/10.95 channel launch push
 []


Underfull \hbox (badness 10000) in paragraph at lines 27--27
\TU/DejaVuSerif(0)/m/n/10.95 is in-budget for a
 []


Underfull \hbox (badness 10000) in paragraph at lines 27--27
\TU/DejaVuSerif(0)/m/n/10.95 ~₹1-lakh (~$1,150)
 []


Underfull \hbox (badness 3158) in paragraph at lines 27--27
\TU/DejaVuSerif(0)/m/n/10.95 constraint: #1 Prod-
 []


Underfull \hbox (badness 10000) in paragraph at lines 27--27
\TU/DejaVuSerif(0)/m/n/10.95 $800 total budget
 []


Underfull \hbox (badness 3312) in paragraph at lines 27--27
[]|\TU/DejaVuSerif(0)/m/n/10.95 That a Product Hunt
 []


Underfull \hbox (badness 10000) in paragraph at lines 27--27
\TU/DejaVuSerif(0)/m/n/10.95 ranking converts to
 []


Underfull \hbox (badness 10000) in paragraph at lines 27--28
[]|\TU/DejaVuSerif(0)/m/n/10.95 Verified
 []


Underfull \hbox (badness 10000) in paragraph at lines 28--28
[]|\TU/DejaVuSerif(0)/m/n/10.95 HN vs.
 []


Underfull \hbox (badness 3590) in paragraph at lines 28--28
\TU/DejaVuSerif(0)/m/n/10.95 PH head-
 []


Underfull \hbox (badness 10000) in paragraph at lines 28--29
[]|\TU/DejaVuSerif(0)/m/n/10.95 Verified
 []


Underfull \hbox (badness 10000) in paragraph at lines 29--29
[]|\TU/DejaVuSerif(0)/m/n/10.95 Kickbacks
 []


Underfull \hbox (badness 10000) in paragraph at lines 29--29
\TU/DejaVuSerif(0)/m/n/10.95 (in-
 []


Underfull \hbox (badness 10000) in paragraph at lines 29--29
\TU/DejaVuSerif(0)/m/n/10.95 Twitter/X – not HN
 []


Underfull \hbox (badness 2707) in paragraph at lines 29--29
\TU/DejaVuSerif(0)/m/n/10.95 – is the proven viral
 []


Underfull \hbox (badness 3690) in paragraph at lines 29--29
\TU/DejaVuSerif(0)/m/n/10.95 2 points/0 comments,
 []


Underfull \hbox (badness 2653) in paragraph at lines 29--29
\TU/DejaVuSerif(0)/m/n/10.95 but the launch tweet
 []


Underfull \hbox (badness 10000) in paragraph at lines 29--29
\TU/DejaVuSerif(0)/m/n/10.95 GTM data point for
 []


Underfull \hbox (badness 10000) in paragraph at lines 29--30
[]|\TU/DejaVuSerif(0)/m/n/10.95 Verified
 []


LaTeX Warning: Float too large for page by 166.00746pt on input line 32.

[63

] [64]
Overfull \hbox (0.35294pt too wide) in paragraph at lines 43--44
\TU/DejaVuSerif(0)/b/n/10.95 organic PH/HN push at launch\TU/DejaVuSerif(0)/m/n
/10.95 , mirroring Permit.io – feasible only if scoped
 []


Underfull \hbox (badness 7186) in paragraph at lines 58--58
[]|\TU/DejaVuSerif(0)/m/n/10.95 Hacker News /
 []


Underfull \hbox (badness 1859) in paragraph at lines 58--58
[]|\TU/DejaVuSerif(0)/m/n/10.95 High variance, out of our
 []


Underfull \hbox (badness 10000) in paragraph at lines 58--59
[]|\TU/DejaVuSerif(0)/m/n/10.95 One-shot card, played
 []


Underfull \hbox (badness 7203) in paragraph at lines 58--59
\TU/DejaVuSerif(0)/m/n/10.95 only with a real pay-
 []


Underfull \hbox (badness 1874) in paragraph at lines 58--59
\TU/DejaVuSerif(0)/m/n/10.95 out/renewal story – not
 []


Underfull \hbox (badness 10000) in paragraph at lines 59--59
[]|\TU/DejaVuSerif(0)/m/n/10.95 Tool-collector audience,
 []


Underfull \hbox (badness 10000) in paragraph at lines 61--61
[]|\TU/DejaVuSerif(0)/m/n/10.95 GitHub
 []


Underfull \hbox (badness 10000) in paragraph at lines 61--61
\TU/DejaVuSerif(0)/m/n/10.95 (README /
 []


Underfull \hbox (badness 10000) in paragraph at lines 61--61
\TU/DejaVuSerif(0)/m/n/10.95 topic placement
 []


Underfull \hbox (badness 3895) in paragraph at lines 61--61
\TU/DejaVuSerif(0)/m/n/10.95 in Claude Code
 []


Underfull \hbox (badness 10000) in paragraph at lines 61--61
[]|\TU/DejaVuSerif(0)/m/n/10.95 Highest-leverage low-cost
 []


Underfull \hbox (badness 4366) in paragraph at lines 61--61
\TU/DejaVuSerif(0)/m/n/10.95 channel for this audience
 []


Underfull \hbox (badness 1748) in paragraph at lines 62--63
[]|\TU/DejaVuSerif(0)/m/n/10.95 Brand/awareness + am-
 []


Underfull \hbox (badness 10000) in paragraph at lines 62--63
\TU/DejaVuSerif(0)/m/n/10.95 bassador recruiting,
 []


Underfull \hbox (badness 10000) in paragraph at lines 63--63
[]|\TU/DejaVuSerif(0)/m/n/10.95 Campus ambas-
 []


Underfull \hbox (badness 6220) in paragraph at lines 63--63
[]|\TU/DejaVuSerif(0)/m/n/10.95 Cheapest real distribution
 []


Underfull \hbox (badness 4001) in paragraph at lines 63--63
\TU/DejaVuSerif(0)/m/n/10.95 (commission-only, paid via
 []


Underfull \hbox (badness 10000) in paragraph at lines 64--64
[]|\TU/DejaVuSerif(0)/m/n/10.95 Cloud-provider
 []


Underfull \hbox (badness 10000) in paragraph at lines 64--64
\TU/DejaVuSerif(0)/m/n/10.95 India DevRel
 []


Overfull \hbox (2.34012pt too wide) in paragraph at lines 64--64
\TU/DejaVuSerif(0)/m/n/10.95 (AWS/GCP/Azure)| 
 []


Underfull \hbox (badness 10000) in paragraph at lines 65--65
[]|\TU/DejaVuSerif(0)/m/n/10.95 Enterprise (In-
 []


Underfull \hbox (badness 5274) in paragraph at lines 65--65
[]|\TU/DejaVuSerif(0)/m/n/10.95 Procurement cycles (3–6+
 []


Underfull \hbox (badness 2042) in paragraph at lines 65--66
[]|\TU/DejaVuSerif(0)/m/n/10.95 Deferred; cloud DevRel
 []


Underfull \hbox (badness 2205) in paragraph at lines 65--66
\TU/DejaVuSerif(0)/m/n/10.95 is the only “enterprise-
 []


Underfull \hbox (badness 1127) in paragraph at lines 65--66
\TU/DejaVuSerif(0)/m/n/10.95 adjacent” motion before
 []


Overfull \hbox (26.74326pt too wide) in paragraph at lines 76--77
[]\TU/DejaVuSerif(0)/b/n/10.95 Ring 1 – AI-infra/dev-tool sellers to AI-buildin
g developers \TU/DejaVuSerif(0)/m/n/10.95 (vector databases,
 []


Overfull \hbox (19.77243pt too wide) in paragraph at lines 77--78
[]\TU/DejaVuSerif(0)/b/n/10.95 Ring 2 – India dev-economy sellers\TU/DejaVuSeri
f(0)/m/n/10.95 : cloud/hosting resellers, EdTech/upskilling
 []

[65] [66]) (./chapters/09_financial_model.tex [67]
Chapter 9.

Overfull \hbox (11.62996pt too wide) in paragraph at lines 17--17
[]|\TU/DejaVuSansMono(0)/m/n/10 devorix-financial-
 []


Underfull \hbox (badness 10000) in paragraph at lines 17--17
[]|\TU/DejaVuSerif(0)/m/n/10 Original aggressive ramp
 []


Underfull \hbox (badness 2922) in paragraph at lines 17--18
[]|\TU/DejaVuSerif(0)/b/n/10 Superseded. \TU/DejaVuSerif(0)/m/n/10 Stale
 []


Underfull \hbox (badness 10000) in paragraph at lines 17--18
\TU/DejaVuSerif(0)/m/n/10 ₹86 FX, CPM-only
 []


Underfull \hbox (badness 10000) in paragraph at lines 17--18
\TU/DejaVuSerif(0)/m/n/10 PLAN §5 overrides.
 []


Underfull \hbox (badness 10000) in paragraph at lines 17--18
\TU/DejaVuSerif(0)/m/n/10 Kept only for the
 []


Underfull \hbox (badness 10000) in paragraph at lines 17--18
\TU/DejaVuSerif(0)/m/n/10 steady-state sensitiv-
 []


Overfull \hbox (11.62996pt too wide) in paragraph at lines 18--18
[]|\TU/DejaVuSansMono(0)/m/n/10 devorix-financial-
 []


Overfull \hbox (23.67097pt too wide) in paragraph at lines 18--18
\TU/DejaVuSansMono(0)/m/n/10 model-REALISTIC.xlsx| 
 []


Underfull \hbox (badness 10000) in paragraph at lines 18--19
[]|\TU/DejaVuSerif(0)/b/n/10 Base case for
 []


Underfull \hbox (badness 10000) in paragraph at lines 18--19
\TU/DejaVuSerif(0)/b/n/10 Months 1–4.
 []


Underfull \hbox (badness 10000) in paragraph at lines 18--19
\TU/DejaVuSerif(0)/m/n/10 Matches MASTER-
 []


Underfull \hbox (badness 10000) in paragraph at lines 18--19
\TU/DejaVuSerif(0)/m/n/10 PLAN §8.3 to the
 []


Overfull \hbox (11.62996pt too wide) in paragraph at lines 19--19
[]|\TU/DejaVuSansMono(0)/m/n/10 devorix-financial-
 []


Overfull \hbox (41.7325pt too wide) in paragraph at lines 19--19
\TU/DejaVuSansMono(0)/m/n/10 model-v3-TIMEBASED.xlsx| 
 []


Underfull \hbox (badness 4229) in paragraph at lines 19--19
[]|\TU/DejaVuSerif(0)/m/n/10 Same plan on a time-based
 []


Underfull \hbox (badness 10000) in paragraph at lines 19--19
\TU/DejaVuSerif(0)/m/n/10 (hours-coding $\OMS/cmsy/m/n/10 ^^B$ \TU/DejaVuSerif(
0)/m/n/10 %-wait)
 []


Underfull \hbox (badness 10000) in paragraph at lines 19--19
\TU/DejaVuSerif(0)/m/n/10 impression count, plus a
 []


Underfull \hbox (badness 4569) in paragraph at lines 19--20
[]|\TU/DejaVuSerif(0)/m/n/10 Used for impression
 []


Underfull \hbox (badness 3375) in paragraph at lines 19--20
\TU/DejaVuSerif(0)/m/n/10 sitivity, and implied-
 []

[68

]
Overfull \hbox (198.52429pt too wide) in paragraph at lines 38--53
 [][] 
 []

[69]
Overfull \hbox (6.6034pt too wide) in paragraph at lines 110--121
 [][] 
 []


Overfull \hbox (181.42273pt too wide) in paragraph at lines 128--139
 [][] 
 []


Overfull \hbox (77.34558pt too wide) in paragraph at lines 146--157
 [][] 
 []


Overfull \hbox (8.24373pt too wide) in paragraph at lines 159--160
[]\TU/DejaVuSerif(0)/b/n/10.95 Reconciliation note on the two source models’ M2
4 figures. \TU/DejaVuSerif(0)/m/n/10.95 The TAM-research
 []

[70] [71]
Underfull \hbox (badness 10000) in paragraph at lines 232--232
[]|\TU/DejaVuSerif(0)/m/n/10 ₹225 gross
 []


Underfull \hbox (badness 10000) in paragraph at lines 232--232
[]|\TU/DejaVuSerif(0)/m/n/10 REALISTIC
 []


Overfull \hbox (34.39182pt too wide) in paragraph at lines 232--232
\TU/DejaVuSansMono(0)/m/n/10 Plan_4mo_FlatDeals| 
 []


Underfull \hbox (badness 10000) in paragraph at lines 232--233
[]|\TU/DejaVuSerif(0)/m/n/10 Dev share =
 []


Underfull \hbox (badness 4120) in paragraph at lines 233--233
[]|\TU/DejaVuSerif(0)/m/n/10 Dev payout / active
 []


Underfull \hbox (badness 10000) in paragraph at lines 233--234
[]|\TU/DejaVuSerif(0)/b/n/10 Non-
 []


Underfull \hbox (badness 10000) in paragraph at lines 233--234
\TU/DejaVuSerif(0)/b/n/10 monotonic \TU/DejaVuSerif(0)/m/n/10 —
 []


Underfull \hbox (badness 10000) in paragraph at lines 233--234
\TU/DejaVuSerif(0)/m/n/10 drops M1$\OMS/cmsy/m/n/10 !$\TU/DejaVuSerif(0)/m/n/10
 M3
 []


Overfull \hbox (8.78726pt too wide) in paragraph at lines 233--234
\TU/DejaVuSerif(0)/m/n/10 (₹187.50$\OMS/cmsy/m/n/10 !$\TU/DejaVuSerif(0)/m/n/10
 ₹93.75)
 []


Underfull \hbox (badness 5064) in paragraph at lines 233--234
\TU/DejaVuSerif(0)/m/n/10 as installs out-
 []


Underfull \hbox (badness 10000) in paragraph at lines 233--234
\TU/DejaVuSerif(0)/m/n/10 pace flat-fee
 []


Underfull \hbox (badness 10000) in paragraph at lines 233--234
\TU/DejaVuSerif(0)/m/n/10 advertiser rev-
 []


Underfull \hbox (badness 10000) in paragraph at lines 233--234
\TU/DejaVuSerif(0)/m/n/10 enue, recovers
 []


Underfull \hbox (badness 10000) in paragraph at lines 234--234
[]|\TU/DejaVuSerif(0)/m/n/10 MASTER-
 []


Underfull \hbox (badness 10000) in paragraph at lines 234--234
\TU/DejaVuSerif(0)/m/n/10 PLAN §5.1–
 []


Underfull \hbox (badness 10000) in paragraph at lines 234--234
\TU/DejaVuSerif(0)/m/n/10 5.2; all 3
 []


Underfull \hbox (badness 6141) in paragraph at lines 234--235
[]|\TU/DejaVuSerif(0)/b/n/10 Locked \TU/DejaVuSerif(0)/m/n/10 — the
 []


Underfull \hbox (badness 4792) in paragraph at lines 234--235
\TU/DejaVuSerif(0)/m/n/10 in pitches, not
 []


Underfull \hbox (badness 10000) in paragraph at lines 235--235
[]|\TU/DejaVuSerif(0)/m/n/10 $2–3 CPM-equiv.
 []


Underfull \hbox (badness 10000) in paragraph at lines 235--235
[]|\TU/DejaVuSerif(0)/m/n/10 MASTER-
 []


Underfull \hbox (badness 10000) in paragraph at lines 235--236
[]|\TU/DejaVuSerif(0)/m/it/10 [Internal as-
 []


Underfull \hbox (badness 10000) in paragraph at lines 235--236
\TU/DejaVuSerif(0)/m/it/10 sumption –
 []


Underfull \hbox (badness 6316) in paragraph at lines 235--236
\TU/DejaVuSerif(0)/m/it/10 1 has real fill
 []


Underfull \hbox (badness 1603) in paragraph at lines 235--236
\TU/DejaVuSerif(0)/m/it/10 data] \TU/DejaVuSerif(0)/m/n/10 (founder’s
 []


Underfull \hbox (badness 10000) in paragraph at lines 236--236
[]|\TU/DejaVuSerif(0)/m/n/10 Contribution margin
 []


Underfull \hbox (badness 5711) in paragraph at lines 236--236
[]|\TU/DejaVuSerif(0)/m/n/10 50% (= dev rev
 []


Underfull \hbox (badness 10000) in paragraph at lines 236--236
\TU/DejaVuSerif(0)/m/n/10 share), before
 []


Underfull \hbox (badness 1454) in paragraph at lines 236--237
[]|\TU/DejaVuSerif(0)/m/n/10 Payout txn cost
 []


Underfull \hbox (badness 10000) in paragraph at lines 236--237
\TU/DejaVuSerif(0)/m/n/10 (₹3–4/txn, Ra-
 []


Underfull \hbox (badness 10000) in paragraph at lines 236--237
\TU/DejaVuSerif(0)/m/n/10 zorpayX) $\OMS/cmsy/m/n/10 ^^Y$
 []


Underfull \hbox (badness 1648) in paragraph at lines 236--237
\TU/DejaVuSerif(0)/m/n/10 ₹180/mo at M4
 []


Underfull \hbox (badness 1838) in paragraph at lines 236--237
\TU/DejaVuSerif(0)/m/n/10 = 0.4% of rev-
 []


Underfull \hbox (badness 2809) in paragraph at lines 237--237
[]|\TU/DejaVuSerif(0)/m/n/10 Fixed costs / month
 []


Underfull \hbox (badness 6094) in paragraph at lines 237--237
\TU/DejaVuSerif(0)/m/n/10 ₹2,000 + payout
 []


Underfull \hbox (badness 10000) in paragraph at lines 237--238
[]|\TU/DejaVuSerif(0)/m/n/10 Founder salary
 []


Underfull \hbox (badness 10000) in paragraph at lines 237--238
\TU/DejaVuSerif(0)/m/n/10 = ₹0 (sweat
 []


Underfull \hbox (badness 10000) in paragraph at lines 237--238
\TU/DejaVuSerif(0)/m/n/10 equity) — flag
 []


Underfull \hbox (badness 3815) in paragraph at lines 238--238
[]|\TU/DejaVuSerif(0)/m/n/10 From a share of
 []


Underfull \hbox (badness 10000) in paragraph at lines 238--238
\TU/DejaVuSerif(0)/m/n/10 flat ₹15,000 (no
 []


Underfull \hbox (badness 10000) in paragraph at lines 238--238
\TU/DejaVuSerif(0)/m/n/10 per-impression
 []


Underfull \hbox (badness 10000) in paragraph at lines 238--238
\TU/DejaVuSerif(0)/m/n/10 accounting) to
 []


Underfull \hbox (badness 10000) in paragraph at lines 238--238
\TU/DejaVuSerif(0)/m/n/10 141) priced per
 []


Underfull \hbox (badness 10000) in paragraph at lines 238--238
[]|\TU/DejaVuSerif(0)/m/n/10 MASTER-
 []


Underfull \hbox (badness 10000) in paragraph at lines 238--238
\TU/DejaVuSerif(0)/m/n/10 PLAN §5.1,
 []


Underfull \hbox (badness 2326) in paragraph at lines 238--239
[]|\TU/DejaVuSerif(0)/m/n/10 A pricing-\TU/DejaVuSerif(0)/m/it/10 model
 []


Underfull \hbox (badness 10000) in paragraph at lines 238--239
\TU/DejaVuSerif(0)/m/n/10 change, not
 []


Underfull \hbox (badness 10000) in paragraph at lines 238--239
\TU/DejaVuSerif(0)/m/n/10 just volume;
 []


Underfull \hbox (badness 10000) in paragraph at lines 238--239
\TU/DejaVuSerif(0)/m/n/10 requires the
 []


Underfull \hbox (badness 10000) in paragraph at lines 238--239
\TU/DejaVuSerif(0)/m/n/10 block-serving
 []


Underfull \hbox (badness 3849) in paragraph at lines 238--239
\TU/DejaVuSerif(0)/m/n/10 engine to exist
 []


Overfull \hbox (2.83022pt too wide) in paragraph at lines 238--239
\TU/DejaVuSerif(0)/m/n/10 (\TU/DejaVuSansMono(0)/m/n/10 00-MVP-spec.md
 []


Underfull \hbox (badness 10000) in paragraph at lines 239--239
[]|\TU/DejaVuSerif(0)/m/n/10 Steady-state per-dev
 []


Overfull \hbox (1.72273pt too wide) in paragraph at lines 239--239
[]|\TU/DejaVuSerif(0)/m/n/10 ₹151.36/dev/month
 []


Overfull \hbox (94.5969pt too wide) in paragraph at lines 239--239
[]|\TU/DejaVuSansMono(0)/m/n/10 devorix-financial-model.xlsx
 []


Underfull \hbox (badness 10000) in paragraph at lines 239--240
[]|\TU/DejaVuSerif(0)/b/n/10 Superseded
 []


Underfull \hbox (badness 10000) in paragraph at lines 239--240
\TU/DejaVuSerif(0)/m/n/10 bound only;
 []


Underfull \hbox (badness 3482) in paragraph at lines 239--240
\TU/DejaVuSerif(0)/m/n/10 100% fill unre-
 []


Underfull \hbox (badness 10000) in paragraph at lines 239--240
\TU/DejaVuSerif(0)/m/n/10 alistic at any
 []


Underfull \hbox (badness 10000) in paragraph at lines 240--240
[]|\TU/DejaVuSerif(0)/m/n/10 Reality-check floor
 []


Underfull \hbox (badness 10000) in paragraph at lines 240--240
\TU/DejaVuSerif(0)/m/n/10 gross ₹4,990/mo,
 []


Underfull \hbox (badness 10000) in paragraph at lines 240--240
\TU/DejaVuSerif(0)/m/n/10 dev share
 []


Underfull \hbox (badness 10000) in paragraph at lines 240--240
\TU/DejaVuSerif(0)/m/n/10 ₹2,495/mo total
 []


Underfull \hbox (badness 10000) in paragraph at lines 240--240
\TU/DejaVuSerif(0)/m/n/10 ($\OMS/cmsy/m/n/10 ^^Y$ \TU/DejaVuSerif(0)/m/n/10 ₹12
.47/active
 []


Underfull \hbox (badness 10000) in paragraph at lines 240--240
[]|\TU/DejaVuSerif(0)/m/n/10 REALISTIC
 []


Overfull \hbox (28.3713pt too wide) in paragraph at lines 240--240
\TU/DejaVuSansMono(0)/m/n/10 Reality_Check_CPM| 
 []


Underfull \hbox (badness 2961) in paragraph at lines 240--241
[]|\TU/DejaVuSerif(0)/m/n/10 The workbook’s
 []


Underfull \hbox (badness 2384) in paragraph at lines 240--241
\TU/DejaVuSerif(0)/m/n/10 for why Tier 0
 []


Underfull \hbox (badness 10000) in paragraph at lines 240--241
\TU/DejaVuSerif(0)/m/n/10 — load-bearing
 []


Underfull \hbox (badness 10000) in paragraph at lines 240--241
\TU/DejaVuSerif(0)/m/n/10 for MASTER-
 []


LaTeX Warning: Float too large for page by 37.727pt on input line 243.


Overfull \hbox (5.93707pt too wide) in paragraph at lines 247--247
|[]\TU/DejaVuSerif(0)/b/n/14.4 Sensitivity: which assumptions move the model mo
st| 
 []


Underfull \hbox (badness 10000) in paragraph at lines 259--259
[]|\TU/DejaVuSerif(0)/b/n/10 Effect on monthly
 []


Underfull \hbox (badness 6204) in paragraph at lines 261--261
\TU/DejaVuSerif(0)/m/n/10 a paying adver-
 []


Underfull \hbox (badness 10000) in paragraph at lines 261--261
[]|\TU/DejaVuSerif(0)/m/n/10 At 200 active devs:
 []


Underfull \hbox (badness 10000) in paragraph at lines 261--261
\TU/DejaVuSerif(0)/m/n/10 ₹9,029 $\OMS/cmsy/m/n/10 !$ \TU/DejaVuSerif(0)/m/n/10
 ₹180,576
 []


Underfull \hbox (badness 10000) in paragraph at lines 261--262
[]|\TU/DejaVuSerif(0)/m/n/10 v3
 []


Overfull \hbox (16.00067pt too wide) in paragraph at lines 261--262
\TU/DejaVuSansMono(0)/m/n/10 Platform_Scale
 []


Underfull \hbox (badness 10000) in paragraph at lines 261--262
\TU/DejaVuSerif(0)/m/n/10 — called
 []


Underfull \hbox (badness 10000) in paragraph at lines 261--262
\TU/DejaVuSerif(0)/m/n/10 “THE con-
 []


Underfull \hbox (badness 10000) in paragraph at lines 262--262
[]|\TU/DejaVuSerif(0)/b/n/10 Active-
 []


Underfull \hbox (badness 10000) in paragraph at lines 262--262
\TU/DejaVuSerif(0)/m/n/10 (install$\OMS/cmsy/m/n/10 !$\TU/DejaVuSerif(0)/m/n/10
 WAU
 []


Underfull \hbox (badness 10000) in paragraph at lines 262--262
[]|\TU/DejaVuSerif(0)/m/n/10 At fixed 30% fill:
 []


Underfull \hbox (badness 10000) in paragraph at lines 262--262
\TU/DejaVuSerif(0)/m/n/10 ₹27,086 $\OMS/cmsy/m/n/10 !$ \TU/DejaVuSerif(0)/m/n/1
0 ₹270,864
 []


Underfull \hbox (badness 10000) in paragraph at lines 262--263
[]|\TU/DejaVuSerif(0)/m/n/10 v3
 []


Overfull \hbox (16.00067pt too wide) in paragraph at lines 262--263
\TU/DejaVuSansMono(0)/m/n/10 Platform_Scale
 []


Underfull \hbox (badness 10000) in paragraph at lines 262--263
\TU/DejaVuSerif(0)/m/n/10 — com-
 []


Underfull \hbox (badness 4779) in paragraph at lines 262--263
\TU/DejaVuSerif(0)/m/n/10 pounds mul-
 []


Underfull \hbox (badness 10000) in paragraph at lines 262--263
\TU/DejaVuSerif(0)/m/n/10 tiplicatively
 []


Underfull \hbox (badness 10000) in paragraph at lines 263--263
[]|\TU/DejaVuSerif(0)/b/n/10 Pricing-model
 []


Underfull \hbox (badness 10000) in paragraph at lines 263--263
\TU/DejaVuSerif(0)/b/n/10 choice \TU/DejaVuSerif(0)/m/n/10 (flat vs.
 []


Underfull \hbox (badness 10000) in paragraph at lines 263--263
\TU/DejaVuSerif(0)/m/n/10 CPM) at same
 []


Underfull \hbox (badness 10000) in paragraph at lines 263--263
[]|\TU/DejaVuSerif(0)/m/n/10 Flat
 []


Overfull \hbox (22.50217pt too wide) in paragraph at lines 263--263
\TU/DejaVuSerif(0)/m/n/10 ₹15,000/advertiser
 []


Underfull \hbox (badness 8151) in paragraph at lines 263--263
[]|\TU/DejaVuSerif(0)/m/n/10 Same 3.8M views/mo:
 []


Underfull \hbox (badness 3009) in paragraph at lines 263--263
\TU/DejaVuSerif(0)/m/n/10 flat = ₹30,000 (eCPM
 []


Underfull \hbox (badness 10000) in paragraph at lines 263--263
\TU/DejaVuSerif(0)/m/n/10 ₹7.89) vs. CPM =
 []


Underfull \hbox (badness 10000) in paragraph at lines 263--263
\TU/DejaVuSerif(0)/m/n/10 ₹108,346 (eCPM
 []


Underfull \hbox (badness 10000) in paragraph at lines 263--264
[]|\TU/DejaVuSerif(0)/m/n/10 v3
 []


Overfull \hbox (22.02118pt too wide) in paragraph at lines 263--264
\TU/DejaVuSansMono(0)/m/n/10 CPM_vs_FlatDeal| 
 []


Overfull \hbox (100.28778pt too wide) in paragraph at lines 264--265
[]|\TU/DejaVuSansMono(0)/m/n/10 devorix-financial-model.xlsx
 []


Underfull \hbox (badness 10000) in paragraph at lines 264--265
\TU/DejaVuSerif(0)/m/n/10 superseded
 []


Underfull \hbox (badness 10000) in paragraph at lines 264--265
\TU/DejaVuSerif(0)/m/n/10 only; direc-
 []


Underfull \hbox (badness 10000) in paragraph at lines 265--265
[]|\TU/DejaVuSerif(0)/b/n/10 Going global
 []


Underfull \hbox (badness 10000) in paragraph at lines 265--265
[]|\TU/DejaVuSerif(0)/m/n/10 Same 200 active
 []


Underfull \hbox (badness 10000) in paragraph at lines 265--265
\TU/DejaVuSerif(0)/m/n/10 base: India-only
 []


Underfull \hbox (badness 10000) in paragraph at lines 265--265
\TU/DejaVuSerif(0)/m/n/10 ₹108,346/mo vs.
 []


Underfull \hbox (badness 10000) in paragraph at lines 265--266
[]|\TU/DejaVuSerif(0)/m/n/10 v3
 []


Overfull \hbox (16.00067pt too wide) in paragraph at lines 265--266
\TU/DejaVuSansMono(0)/m/n/10 Global_Blended
 []


Underfull \hbox (badness 10000) in paragraph at lines 265--266
\TU/DejaVuSerif(0)/m/n/10 — gated
 []


Underfull \hbox (badness 10000) in paragraph at lines 265--266
\TU/DejaVuSerif(0)/m/n/10 behind
 []


Underfull \hbox (badness 10000) in paragraph at lines 265--266
\TU/DejaVuSerif(0)/m/n/10 MASTER-
 []


Underfull \hbox (badness 7012) in paragraph at lines 265--266
\TU/DejaVuSerif(0)/m/n/10 PLAN §8.1’s
 []


Underfull \hbox (badness 10000) in paragraph at lines 265--266
\TU/DejaVuSerif(0)/m/n/10 “Global =
 []


Overfull \hbox (11.84067pt too wide) in paragraph at lines 296--297
\TU/DejaVuSerif(0)/m/n/10.95 (5%$\OMS/cmsy/m/n/10.95 !$\TU/DejaVuSerif(0)/m/n/1
0.95 100% original, 15% REALISTIC, 30% v3) with no empirical basis. Highest-
 []

[72] [73] [74]) (./chapters/10_risk_analysis.tex [75]
Chapter 10.

Overfull \hbox (7.13588pt too wide) in paragraph at lines 13--13
[]|\TU/DejaVuSerif(0)/b/n/10.95 Severity| 
 []


Overfull \hbox (50.89565pt too wide) in alignment at lines 9--15
 [] [] [] [] [] [] 
 []


Overfull \hbox (7.13588pt too wide) in paragraph at lines 18--18
[]|\TU/DejaVuSerif(0)/b/n/10.95 Severity| 
 []


Overfull \hbox (50.89565pt too wide) in alignment at lines 15--20
 [] [] [] [] [] [] 
 []


Underfull \hbox (badness 10000) in paragraph at lines 21--21
[]|\TU/DejaVuSerif(0)/m/n/10.95 Demand-side:
 []


Underfull \hbox (badness 10000) in paragraph at lines 21--21
\TU/DejaVuSerif(0)/m/n/10.95 ing advertisers
 []


Underfull \hbox (badness 10000) in paragraph at lines 21--21
[]|\TU/DejaVuSerif(0)/m/n/10.95 Single biggest risk
 []


Underfull \hbox (badness 7631) in paragraph at lines 21--21
\TU/DejaVuSerif(0)/m/n/10.95 to the whole thesis;
 []


Underfull \hbox (badness 2717) in paragraph at lines 21--21
\TU/DejaVuSerif(0)/m/n/10.95 nobody has proven a
 []


Underfull \hbox (badness 3199) in paragraph at lines 21--21
\TU/DejaVuSerif(0)/m/n/10.95 brand will pay for a
 []


Underfull \hbox (badness 10000) in paragraph at lines 21--21
\TU/DejaVuSerif(0)/m/n/10.95 wait-state placement
 []


Underfull \hbox (badness 10000) in paragraph at lines 21--21
\TU/DejaVuSerif(0)/m/n/10.95 (MASTER-PLAN §3,
 []


Underfull \hbox (badness 10000) in paragraph at lines 21--21
[]|\TU/DejaVuSerif(0)/m/n/10.95 Needs-
 []


Underfull \hbox (badness 1584) in paragraph at lines 21--22
\TU/DejaVuSerif(0)/m/n/10.95 Action: 1 verbal
 []


Underfull \hbox (badness 1817) in paragraph at lines 22--22
[]|\TU/DejaVuSerif(0)/m/n/10.95 IdleAds rev-share
 []


Underfull \hbox (badness 10000) in paragraph at lines 22--22
\TU/DejaVuSerif(0)/m/n/10.95 undercut (70%,
 []


Underfull \hbox (badness 5274) in paragraph at lines 22--22
\TU/DejaVuSerif(0)/m/n/10.95 90% stated goal
 []


Underfull \hbox (badness 10000) in paragraph at lines 22--22
\TU/DejaVuSerif(0)/m/n/10.95 vs. Devorix’s
 []


Underfull \hbox (badness 7540) in paragraph at lines 22--22
[]|\TU/DejaVuSerif(0)/m/n/10.95 Direct competitor of-
 []


Underfull \hbox (badness 4391) in paragraph at lines 22--22
\TU/DejaVuSerif(0)/m/n/10.95 fers materially better
 []


Underfull \hbox (badness 3919) in paragraph at lines 22--22
\TU/DejaVuSerif(0)/m/n/10.95 ens Tier-1 dev-supply
 []


Overfull \hbox (9.70604pt too wide) in paragraph at lines 22--22
[]|\TU/DejaVuSerif(0)/m/n/10.95 Monitored| 
 []


Underfull \hbox (badness 10000) in paragraph at lines 22--23
\TU/DejaVuSerif(0)/m/n/10.95 stall specifically
 []


Underfull \hbox (badness 10000) in paragraph at lines 22--23
\TU/DejaVuSerif(0)/m/n/10.95 on rev-share
 []


Underfull \hbox (badness 10000) in paragraph at lines 22--23
\TU/DejaVuSerif(0)/m/n/10.95 comparison (not
 []


Underfull \hbox (badness 10000) in paragraph at lines 22--23
\TU/DejaVuSerif(0)/m/n/10.95 novelty fatigue),
 []


Underfull \hbox (badness 10000) in paragraph at lines 22--23
\TU/DejaVuSerif(0)/m/n/10.95 revisit pricing
 []


Underfull \hbox (badness 10000) in paragraph at lines 22--23
\TU/DejaVuSerif(0)/m/n/10.95 the split itself
 []


Underfull \hbox (badness 2302) in paragraph at lines 22--23
\TU/DejaVuSerif(0)/m/n/10.95 (trust, UPI relia-
 []


Underfull \hbox (badness 3919) in paragraph at lines 23--23
\TU/DejaVuSerif(0)/m/n/10.95 “Ads are coming
 []


Underfull \hbox (badness 10000) in paragraph at lines 23--23
\TU/DejaVuSerif(0)/m/n/10.95 Claude” (Super
 []


Underfull \hbox (badness 2035) in paragraph at lines 23--23
\TU/DejaVuSerif(0)/m/n/10.95 and prominently posi-
 []


Underfull \hbox (badness 3078) in paragraph at lines 23--23
\TU/DejaVuSerif(0)/m/n/10.95 tioned Claude as the
 []


Underfull \hbox (badness 10000) in paragraph at lines 23--23
\TU/DejaVuSerif(0)/m/n/10.95 explicitly ad-free AI.
 []


Underfull \hbox (badness 7133) in paragraph at lines 23--23
\TU/DejaVuSerif(0)/m/n/10.95 brand stance, sharp-
 []


Underfull \hbox (badness 10000) in paragraph at lines 23--23
\TU/DejaVuSerif(0)/m/n/10.95 ening the platform-
 []


Underfull \hbox (badness 10000) in paragraph at lines 23--23
\TU/DejaVuSerif(0)/m/n/10.95 sentiment/ToS-
 []


Underfull \hbox (badness 10000) in paragraph at lines 23--23
\TU/DejaVuSerif(0)/m/n/10.95 the purely technical
 []


Underfull \hbox (badness 10000) in paragraph at lines 23--23
[]|\TU/DejaVuSerif(0)/m/n/10.95 Needs-
 []


Underfull \hbox (badness 10000) in paragraph at lines 23--24
[]|\TU/DejaVuSerif(0)/m/n/10.95 Action: tighten
 []


Underfull \hbox (badness 10000) in paragraph at lines 23--24
\TU/DejaVuSerif(0)/m/n/10.95 the “we are a
 []


Underfull \hbox (badness 10000) in paragraph at lines 23--24
\TU/DejaVuSerif(0)/m/n/10.95 non-patching,
 []


Underfull \hbox (badness 10000) in paragraph at lines 23--24
\TU/DejaVuSerif(0)/m/n/10.95 opt-in developer
 []


Underfull \hbox (badness 10000) in paragraph at lines 23--24
\TU/DejaVuSerif(0)/m/n/10.95 revenue-share
 []


Underfull \hbox (badness 6078) in paragraph at lines 23--24
\TU/DejaVuSerif(0)/m/n/10.95 tool, not an ad
 []


Underfull \hbox (badness 10000) in paragraph at lines 23--24
\TU/DejaVuSerif(0)/m/n/10.95 injected into
 []


Underfull \hbox (badness 10000) in paragraph at lines 23--24
\TU/DejaVuSerif(0)/m/n/10.95 framing; keep
 []


Underfull \hbox (badness 10000) in paragraph at lines 23--24
\TU/DejaVuSerif(0)/m/n/10.95 the compliance
 []


Underfull \hbox (badness 10000) in paragraph at lines 23--24
\TU/DejaVuSerif(0)/m/n/10.95 appendix (Sec-
 []


Underfull \hbox (badness 10000) in paragraph at lines 23--24
\TU/DejaVuSerif(0)/m/n/10.95 Engineering dis-
 []


Underfull \hbox (badness 10000) in paragraph at lines 23--24
\TU/DejaVuSerif(0)/m/n/10.95 not cover the
 []


Underfull \hbox (badness 10000) in paragraph at lines 23--24
\TU/DejaVuSerif(0)/m/n/10.95 brand-perception
 []


Underfull \hbox (badness 10000) in paragraph at lines 24--24
[]|\TU/DejaVuSerif(0)/m/n/10.95 IdleAds position-
 []


Underfull \hbox (badness 10000) in paragraph at lines 24--24
\TU/DejaVuSerif(0)/m/n/10.95 ing collision –
 []


Underfull \hbox (badness 5607) in paragraph at lines 24--24
\TU/DejaVuSerif(0)/m/n/10.95 same trust posi-
 []


Underfull \hbox (badness 10000) in paragraph at lines 24--24
\TU/DejaVuSerif(0)/m/n/10.95 tioning Devorix
 []


Underfull \hbox (badness 1430) in paragraph at lines 24--24
[]|\TU/DejaVuSerif(0)/m/n/10.95 The trust/“clean, hon-
 []


Underfull \hbox (badness 10000) in paragraph at lines 24--24
\TU/DejaVuSerif(0)/m/n/10.95 est” angle Devorix
 []


Underfull \hbox (badness 4859) in paragraph at lines 24--24
\TU/DejaVuSerif(0)/m/n/10.95 intended as a differ-
 []


Underfull \hbox (badness 10000) in paragraph at lines 24--24
\TU/DejaVuSerif(0)/m/n/10.95 entiator is already
 []


Underfull \hbox (badness 10000) in paragraph at lines 24--24
\TU/DejaVuSerif(0)/m/n/10.95 asserted by a com-
 []


Underfull \hbox (badness 10000) in paragraph at lines 24--24
\TU/DejaVuSerif(0)/m/n/10.95 best near-term moat
 []


Underfull \hbox (badness 2012) in paragraph at lines 24--24
\TU/DejaVuSerif(0)/m/n/10.95 candidate (Chapter [][]5[][],
 []


Overfull \hbox (6.66002pt too wide) in paragraph at lines 24--24
[]|\TU/DejaVuSerif(0)/m/n/10.95 Medium-
 []


Underfull \hbox (badness 10000) in paragraph at lines 24--24
[]|\TU/DejaVuSerif(0)/m/n/10.95 Needs-
 []


Underfull \hbox (badness 10000) in paragraph at lines 24--25
[]|\TU/DejaVuSerif(0)/m/n/10.95 Action: make
 []


Underfull \hbox (badness 10000) in paragraph at lines 24--25
\TU/DejaVuSerif(0)/m/n/10.95 trust verifiable,
 []


Underfull \hbox (badness 10000) in paragraph at lines 24--25
\TU/DejaVuSerif(0)/m/n/10.95 not asserted –
 []


Underfull \hbox (badness 10000) in paragraph at lines 24--25
\TU/DejaVuSerif(0)/m/n/10.95 open-source the
 []


Underfull \hbox (badness 10000) in paragraph at lines 24--25
\TU/DejaVuSerif(0)/m/n/10.95 client or pub-
 []


Underfull \hbox (badness 10000) in paragraph at lines 24--25
\TU/DejaVuSerif(0)/m/n/10.95 lish a data-flow
 []


Underfull \hbox (badness 10000) in paragraph at lines 24--25
\TU/DejaVuSerif(0)/m/n/10.95 doc (Chapter [][]5[][],
 []


Underfull \hbox (badness 10000) in paragraph at lines 24--25
\TU/DejaVuSerif(0)/m/n/10.95 ifiability is the
 []


Underfull \hbox (badness 3364) in paragraph at lines 24--25
\TU/DejaVuSerif(0)/m/n/10.95 part IdleAds has
 []


Underfull \hbox (badness 1389) in paragraph at lines 24--25
\TU/DejaVuSerif(0)/m/n/10.95 not done, and is
 []


Underfull \hbox (badness 10000) in paragraph at lines 24--25
\TU/DejaVuSerif(0)/m/n/10.95 harder to copy
 []


Underfull \hbox (badness 10000) in paragraph at lines 25--25
[]|\TU/DejaVuSerif(0)/m/n/10.95 Platform-policy /
 []


Underfull \hbox (badness 10000) in paragraph at lines 25--25
[]|\TU/DejaVuSerif(0)/m/n/10.95 Anthropic’s January
 []


Underfull \hbox (badness 10000) in paragraph at lines 25--25
\TU/DejaVuSerif(0)/m/n/10.95 2026 enforcement
 []


Underfull \hbox (badness 10000) in paragraph at lines 25--25
\TU/DejaVuSerif(0)/m/n/10.95 blocked OAuth-token-
 []


Underfull \hbox (badness 10000) in paragraph at lines 25--25
\TU/DejaVuSerif(0)/m/n/10.95 reusing third-party
 []


Underfull \hbox (badness 10000) in paragraph at lines 25--25
\TU/DejaVuSerif(0)/m/n/10.95 clients; the CLI bi-
 []


Underfull \hbox (badness 2418) in paragraph at lines 25--25
\TU/DejaVuSerif(0)/m/n/10.95 nary plus official API
 []


Underfull \hbox (badness 1983) in paragraph at lines 25--25
\TU/DejaVuSerif(0)/m/n/10.95 keys remain explicitly
 []


Underfull \hbox (badness 10000) in paragraph at lines 25--25
\TU/DejaVuSerif(0)/m/n/10.95 allowed. Devorix’s
 []


Underfull \hbox (badness 10000) in paragraph at lines 25--25
\TU/DejaVuSerif(0)/m/n/10.95 non-patching, token-
 []


Underfull \hbox (badness 10000) in paragraph at lines 25--25
\TU/DejaVuSerif(0)/m/n/10.95 untouching client
 []


Underfull \hbox (badness 2717) in paragraph at lines 25--25
\TU/DejaVuSerif(0)/m/n/10.95 sits on the safe side
 []


Underfull \hbox (badness 5050) in paragraph at lines 25--25
\TU/DejaVuSerif(0)/m/n/10.95 of this line – condi-
 []


Underfull \hbox (badness 3930) in paragraph at lines 25--25
\TU/DejaVuSerif(0)/m/n/10.95 tional on engineering
 []


Underfull \hbox (badness 1394) in paragraph at lines 25--25
\TU/DejaVuSerif(0)/m/n/10.95 discipline being main-
 []


Overfull \hbox (2.96013pt too wide) in paragraph at lines 25--25
[]|\TU/DejaVuSerif(0)/m/n/10.95 Medium| 
 []


Overfull \hbox (9.70604pt too wide) in paragraph at lines 25--25
[]|\TU/DejaVuSerif(0)/m/n/10.95 Monitored| 
 []


Underfull \hbox (badness 10000) in paragraph at lines 25--26
[]|\TU/DejaVuSerif(0)/m/n/10.95 Trigger: any
 []


Underfull \hbox (badness 10000) in paragraph at lines 25--26
\TU/DejaVuSerif(0)/m/n/10.95 change in An-
 []


Underfull \hbox (badness 10000) in paragraph at lines 25--26
\TU/DejaVuSerif(0)/m/n/10.95 thropic’s Con-
 []


Underfull \hbox (badness 10000) in paragraph at lines 25--26
\TU/DejaVuSerif(0)/m/n/10.95 sumer Terms;
 []


Underfull \hbox (badness 4479) in paragraph at lines 25--26
\TU/DejaVuSerif(0)/m/n/10.95 any drift toward
 []


Underfull \hbox (badness 1776) in paragraph at lines 25--26
\TU/DejaVuSerif(0)/m/n/10.95 patching. Main-
 []


Underfull \hbox (badness 1496) in paragraph at lines 25--26
\TU/DejaVuSerif(0)/m/n/10.95 tain the “we are
 []


Underfull \hbox (badness 10000) in paragraph at lines 25--26
\TU/DejaVuSerif(0)/m/n/10.95 not Kickbacks”
 []


Underfull \hbox (badness 10000) in paragraph at lines 25--26
\TU/DejaVuSerif(0)/m/n/10.95 compliance ap-
 []


Underfull \hbox (badness 1281) in paragraph at lines 26--26
[]|\TU/DejaVuSerif(0)/m/n/10.95 Regulatory – RBI
 []


Underfull \hbox (badness 1939) in paragraph at lines 26--26
\TU/DejaVuSerif(0)/m/n/10.95 ledger likely sits out-
 []


Underfull \hbox (badness 3302) in paragraph at lines 26--26
\TU/DejaVuSerif(0)/m/n/10.95 area is actively mov-
 []


Underfull \hbox (badness 10000) in paragraph at lines 26--26
\TU/DejaVuSerif(0)/m/n/10.95 ing (MASTER-PLAN
 []


Overfull \hbox (2.96013pt too wide) in paragraph at lines 26--26
[]|\TU/DejaVuSerif(0)/m/n/10.95 Medium| 
 []


Underfull \hbox (badness 10000) in paragraph at lines 26--26
[]|\TU/DejaVuSerif(0)/m/n/10.95 Needs-
 []


Underfull \hbox (badness 10000) in paragraph at lines 26--27
[]|\TU/DejaVuSerif(0)/m/n/10.95 Action: obtain
 []


Underfull \hbox (badness 10000) in paragraph at lines 26--27
\TU/DejaVuSerif(0)/m/n/10.95 CA/fintech-lawyer
 []


Underfull \hbox (badness 10000) in paragraph at lines 26--27
\TU/DejaVuSerif(0)/m/n/10.95 design before
 []


Underfull \hbox (badness 4366) in paragraph at lines 27--27
\TU/DejaVuSerif(0)/m/n/10.95 – category guilt-
 []


Underfull \hbox (badness 2762) in paragraph at lines 27--27
[]|\TU/DejaVuSerif(0)/m/n/10.95 “IDEsaster” (30+ dis-
 []


Underfull \hbox (badness 10000) in paragraph at lines 27--27
\TU/DejaVuSerif(0)/m/n/10.95 closed vulnerabilities
 []


Underfull \hbox (badness 1210) in paragraph at lines 27--27
\TU/DejaVuSerif(0)/m/n/10.95 plus a June 2026 Mi-
 []


Underfull \hbox (badness 10000) in paragraph at lines 27--27
\TU/DejaVuSerif(0)/m/n/10.95 crosoft open-source
 []


Underfull \hbox (badness 10000) in paragraph at lines 27--27
\TU/DejaVuSerif(0)/m/n/10.95 supply-chain attack;
 []


Underfull \hbox (badness 10000) in paragraph at lines 27--27
\TU/DejaVuSerif(0)/m/n/10.95 to distrust anything
 []


Underfull \hbox (badness 10000) in paragraph at lines 27--27
\TU/DejaVuSerif(0)/m/n/10.95 vorix (MASTER-PLAN
 []


Overfull \hbox (2.96013pt too wide) in paragraph at lines 27--27
[]|\TU/DejaVuSerif(0)/m/n/10.95 Medium| 
 []


Overfull \hbox (9.70604pt too wide) in paragraph at lines 27--27
[]|\TU/DejaVuSerif(0)/m/n/10.95 Monitored| 
 []


Underfull \hbox (badness 10000) in paragraph at lines 27--28
[]|\TU/DejaVuSerif(0)/m/n/10.95 Trigger: any
 []


Underfull \hbox (badness 10000) in paragraph at lines 27--28
\TU/DejaVuSerif(0)/m/n/10.95 category-wide
 []


Underfull \hbox (badness 10000) in paragraph at lines 27--28
\TU/DejaVuSerif(0)/m/n/10.95 trust incident.
 []


Underfull \hbox (badness 10000) in paragraph at lines 27--28
\TU/DejaVuSerif(0)/m/n/10.95 Mitigation over-
 []


Underfull \hbox (badness 10000) in paragraph at lines 27--28
\TU/DejaVuSerif(0)/m/n/10.95 non-patching
 []


Underfull \hbox (badness 10000) in paragraph at lines 28--28
[]|\TU/DejaVuSerif(0)/m/n/10.95 Solo-founder
 []


Underfull \hbox (badness 10000) in paragraph at lines 28--28
[]|\TU/DejaVuSerif(0)/m/n/10.95 Plan assumes the
 []


Underfull \hbox (badness 10000) in paragraph at lines 28--28
\TU/DejaVuSerif(0)/m/n/10.95 founder runs sales,
 []


Underfull \hbox (badness 4096) in paragraph at lines 28--28
\TU/DejaVuSerif(0)/m/n/10.95 support, and product
 []


Underfull \hbox (badness 10000) in paragraph at lines 28--28
\TU/DejaVuSerif(0)/m/n/10.95 relationship quality
 []


Underfull \hbox (badness 10000) in paragraph at lines 28--28
\TU/DejaVuSerif(0)/m/n/10.95 degrades if support
 []


Overfull \hbox (2.96013pt too wide) in paragraph at lines 28--28
[]|\TU/DejaVuSerif(0)/m/n/10.95 Medium| 
 []


Underfull \hbox (badness 10000) in paragraph at lines 28--28
[]|\TU/DejaVuSerif(0)/m/n/10.95 Needs-
 []


Underfull \hbox (badness 3179) in paragraph at lines 28--29
[]|\TU/DejaVuSerif(0)/m/n/10.95 Action: add the
 []


Underfull \hbox (badness 10000) in paragraph at lines 28--29
\TU/DejaVuSerif(0)/m/n/10.95 Month-3 time-
 []


Underfull \hbox (badness 1831) in paragraph at lines 28--29
\TU/DejaVuSerif(0)/m/n/10.95 budget self-check
 []


Underfull \hbox (badness 10000) in paragraph at lines 29--29
[]|\TU/DejaVuSerif(0)/m/n/10.95 Pricing power /
 []


Underfull \hbox (badness 10000) in paragraph at lines 29--29
\TU/DejaVuSerif(0)/m/n/10.95 panic-discount
 []


Underfull \hbox (badness 2065) in paragraph at lines 29--29
\TU/DejaVuSerif(0)/m/n/10.95 can anchor all future
 []


Underfull \hbox (badness 1221) in paragraph at lines 29--29
\TU/DejaVuSerif(0)/m/n/10.95 deals low (Chapter [][]5[][],
 []


Overfull \hbox (2.96013pt too wide) in paragraph at lines 29--29
[]|\TU/DejaVuSerif(0)/m/n/10.95 Medium| 
 []


Underfull \hbox (badness 10000) in paragraph at lines 29--29
[]|\TU/DejaVuSerif(0)/m/n/10.95 Needs-
 []


Underfull \hbox (badness 4193) in paragraph at lines 29--30
[]|\TU/DejaVuSerif(0)/m/n/10.95 Action: institute
 []


Underfull \hbox (badness 10000) in paragraph at lines 29--30
\TU/DejaVuSerif(0)/m/n/10.95 the ₹8,000/mo
 []


Underfull \hbox (badness 10000) in paragraph at lines 29--30
\TU/DejaVuSerif(0)/m/n/10.95 price floor rule
 []


Underfull \hbox (badness 10000) in paragraph at lines 29--30
\TU/DejaVuSerif(0)/m/n/10.95 before the first
 []


Overfull \hbox (5.1062pt too wide) in paragraph at lines 30--30
[]|\TU/DejaVuSerif(0)/m/n/10.95 R10| 
 []


Underfull \hbox (badness 10000) in paragraph at lines 30--30
[]|\TU/DejaVuSerif(0)/m/n/10.95 Compliance/tax
 []


Underfull \hbox (badness 2680) in paragraph at lines 30--30
[]|\TU/DejaVuSerif(0)/m/n/10.95 Section 194H TDS is
 []


Underfull \hbox (badness 10000) in paragraph at lines 30--30
\TU/DejaVuSerif(0)/m/n/10.95 deductor turnover;
 []


Underfull \hbox (badness 7186) in paragraph at lines 30--30
\TU/DejaVuSerif(0)/m/n/10.95 GST is not required
 []


Underfull \hbox (badness 10000) in paragraph at lines 30--30
\TU/DejaVuSerif(0)/m/n/10.95 below ₹20L/yr; both
 []


Underfull \hbox (badness 10000) in paragraph at lines 30--30
\TU/DejaVuSerif(0)/m/n/10.95 re-verified (MASTER-
 []


Underfull \hbox (badness 10000) in paragraph at lines 30--30
\TU/DejaVuSerif(0)/m/n/10.95 now, attaches with
 []


Overfull \hbox (9.70604pt too wide) in paragraph at lines 30--30
[]|\TU/DejaVuSerif(0)/m/n/10.95 Monitored| 
 []


Underfull \hbox (badness 5578) in paragraph at lines 30--31
\TU/DejaVuSerif(0)/m/n/10.95 requiring a GST
 []


Underfull \hbox (badness 2443) in paragraph at lines 30--31
\TU/DejaVuSerif(0)/m/n/10.95 invoice; turnover
 []


Underfull \hbox (badness 3942) in paragraph at lines 30--31
\TU/DejaVuSerif(0)/m/n/10.95 crossing the rel-
 []


Underfull \hbox (badness 4647) in paragraph at lines 30--31
\TU/DejaVuSerif(0)/m/n/10.95 evant thresholds.
 []


Underfull \hbox (badness 10000) in paragraph at lines 30--31
\TU/DejaVuSerif(0)/m/n/10.95 advertisers re-
 []


Overfull \hbox (5.1062pt too wide) in paragraph at lines 31--31
[]|\TU/DejaVuSerif(0)/m/n/10.95 R11| 
 []


Underfull \hbox (badness 10000) in paragraph at lines 31--31
[]|\TU/DejaVuSerif(0)/m/n/10.95 Rebrand (Async
 []


Underfull \hbox (badness 10000) in paragraph at lines 31--31
\TU/DejaVuSerif(0)/m/n/10.95 Returns $\OMS/cmsy/m/n/10.95 !$ \TU/DejaVuSerif(0)
/m/n/10.95 De-
 []


Underfull \hbox (badness 5533) in paragraph at lines 31--31
\TU/DejaVuSerif(0)/m/n/10.95 day before this PRD
 []


Underfull \hbox (badness 5036) in paragraph at lines 31--31
\TU/DejaVuSerif(0)/m/n/10.95 or advertisers (Chap-
 []


Overfull \hbox (9.70604pt too wide) in paragraph at lines 31--31
[]|\TU/DejaVuSerif(0)/m/n/10.95 Monitored| 
 []


Underfull \hbox (badness 3417) in paragraph at lines 31--32
[]|\TU/DejaVuSerif(0)/m/n/10.95 Trigger: launch-
 []


Overfull \hbox (5.1062pt too wide) in paragraph at lines 32--32
[]|\TU/DejaVuSerif(0)/m/n/10.95 R12| 
 []


Underfull \hbox (badness 10000) in paragraph at lines 32--32
[]|\TU/DejaVuSerif(0)/m/n/10.95 Hackathon chan-
 []


Underfull \hbox (badness 5985) in paragraph at lines 32--32
\TU/DejaVuSerif(0)/m/n/10.95 nel unproven as
 []


Underfull \hbox (badness 10000) in paragraph at lines 32--32
\TU/DejaVuSerif(0)/m/n/10.95 primary acquisi-
 []


Underfull \hbox (badness 10000) in paragraph at lines 32--32
[]|\TU/DejaVuSerif(0)/m/n/10.95 No case study of
 []


Underfull \hbox (badness 10000) in paragraph at lines 32--32
\TU/DejaVuSerif(0)/m/n/10.95 hackathon-as-primary-
 []


Underfull \hbox (badness 10000) in paragraph at lines 32--32
\TU/DejaVuSerif(0)/m/n/10.95 channel was found
 []


Underfull \hbox (badness 10000) in paragraph at lines 32--32
\TU/DejaVuSerif(0)/m/n/10.95 (Chapter [][]8[][], Sec-
 []


Overfull \hbox (9.70604pt too wide) in paragraph at lines 32--32
[]|\TU/DejaVuSerif(0)/m/n/10.95 Monitored| 
 []


Underfull \hbox (badness 10000) in paragraph at lines 32--33
\TU/DejaVuSerif(0)/m/n/10.95 brand/awareness
 []


Underfull \hbox (badness 2103) in paragraph at lines 32--33
\TU/DejaVuSerif(0)/m/n/10.95 only; do not set
 []


Underfull \hbox (badness 10000) in paragraph at lines 32--33
\TU/DejaVuSerif(0)/m/n/10.95 a CAC target
 []


Overfull \hbox (50.89565pt too wide) in alignment at lines 20--34
 [] [] [] [] [] [] 
 []

[76

] [77] [78] [79]) (./chapters/11_product_roadmap.tex [80]
Chapter 11.

Overfull \hbox (6.69894pt too wide) in paragraph at lines 9--10
[]\TU/DejaVuSerif(0)/m/n/10.95 Comparable-launch evidence (Chapter [][]8[][], S
ection [][]8.2[][]) supports that the early phases
 []


Overfull \hbox (21.46396pt too wide) in paragraph at lines 20--20
[]|\TU/DejaVuSerif(0)/b/n/10.95 Timeframe| 
 []


Underfull \hbox (badness 10000) in paragraph at lines 20--20
[]|\TU/DejaVuSerif(0)/b/n/10.95 User
 []


Underfull \hbox (badness 10000) in paragraph at lines 20--20
\TU/DejaVuSerif(0)/b/n/10.95 mile-
 []


Overfull \hbox (6.46333pt too wide) in paragraph at lines 20--20
[]|\TU/DejaVuSerif(0)/b/n/10.95 Advertiser
 []


Underfull \hbox (badness 10000) in paragraph at lines 20--20
\TU/DejaVuSerif(0)/b/n/10.95 mile-
 []


Underfull \hbox (badness 10000) in paragraph at lines 22--22
[]|\TU/DejaVuSerif(0)/m/n/10.95 0 –
 []


Underfull \hbox (badness 10000) in paragraph at lines 22--22
[]|\TU/DejaVuSerif(0)/m/n/10.95 1 verbal
 []


Underfull \hbox (badness 6348) in paragraph at lines 22--23
[]|\TU/DejaVuSerif(0)/m/n/10.95 1 verbal yes $\OMS/cmsy/m/n/10.95 !$
 []


Underfull \hbox (badness 10000) in paragraph at lines 22--23
\TU/DejaVuSerif(0)/m/n/10.95 (MASTER-PLAN
 []


Underfull \hbox (badness 10000) in paragraph at lines 23--23
[]|\TU/DejaVuSerif(0)/m/n/10.95 Month
 []


Underfull \hbox (badness 10000) in paragraph at lines 23--23
[]|\TU/DejaVuSerif(0)/m/n/10.95 100 $\OMS/cmsy/m/n/10.95 !$
 []


Underfull \hbox (badness 10000) in paragraph at lines 23--23
[]|\TU/DejaVuSerif(0)/m/n/10.95 1 $\OMS/cmsy/m/n/10.95 !$ \TU/DejaVuSerif(0)/m/
n/10.95 3
 []


Underfull \hbox (badness 1152) in paragraph at lines 23--23
\TU/DejaVuSerif(0)/m/n/10.95 (flat, Tier
 []


Underfull \hbox (badness 10000) in paragraph at lines 23--24
[]|\TU/DejaVuSerif(0)/m/n/10.95 §8.3 gate: $\OMS/cmsy/m/n/10.95 ^^U$\TU/DejaVuS
erif(0)/m/n/10.95 2
 []


Underfull \hbox (badness 10000) in paragraph at lines 23--24
\TU/DejaVuSerif(0)/m/n/10.95 week-4 retention
 []


Underfull \hbox (badness 10000) in paragraph at lines 23--24
\TU/DejaVuSerif(0)/m/n/10.95 holds; founder
 []


Underfull \hbox (badness 10000) in paragraph at lines 24--24
[]|\TU/DejaVuSerif(0)/m/n/10.95 Month
 []


Underfull \hbox (badness 10000) in paragraph at lines 24--24
[]|\TU/DejaVuSerif(0)/m/n/10.95 500 $\OMS/cmsy/m/n/10.95 !$
 []


Underfull \hbox (badness 4752) in paragraph at lines 24--24
[]|\TU/DejaVuSerif(0)/m/n/10.95 3 $\OMS/cmsy/m/n/10.95 !$ \TU/DejaVuSerif(0)/m/
n/10.95 6–8
 []


Underfull \hbox (badness 10000) in paragraph at lines 24--24
\TU/DejaVuSerif(0)/m/n/10.95 (Tier-1
 []


Underfull \hbox (badness 3838) in paragraph at lines 24--24
\TU/DejaVuSerif(0)/m/n/10.95 rate card
 []


Underfull \hbox (badness 10000) in paragraph at lines 24--24
\TU/DejaVuSerif(0)/m/n/10.95 published
 []


Underfull \hbox (badness 10000) in paragraph at lines 24--25
[]|\TU/DejaVuSerif(0)/m/n/10.95 Tier-1 activates
 []


Underfull \hbox (badness 1132) in paragraph at lines 24--25
\TU/DejaVuSerif(0)/m/n/10.95 on its own 5–10-
 []


Underfull \hbox (badness 10000) in paragraph at lines 24--25
\TU/DejaVuSerif(0)/m/n/10.95 Re-check: has
 []


Underfull \hbox (badness 10000) in paragraph at lines 24--25
\TU/DejaVuSerif(0)/m/n/10.95 paid CAC crept
 []


Underfull \hbox (badness 3428) in paragraph at lines 24--25
\TU/DejaVuSerif(0)/m/n/10.95 in? Paid creep
 []


Underfull \hbox (badness 10000) in paragraph at lines 25--25
\TU/DejaVuSerif(0)/m/n/10.95 pus +
 []


Underfull \hbox (badness 10000) in paragraph at lines 25--25
\TU/DejaVuSerif(0)/m/n/10.95 com-
 []


Underfull \hbox (badness 10000) in paragraph at lines 25--25
\TU/DejaVuSerif(0)/m/n/10.95 munity
 []


Underfull \hbox (badness 10000) in paragraph at lines 25--25
[]|\TU/DejaVuSerif(0)/m/n/10.95 Month
 []


Underfull \hbox (badness 10000) in paragraph at lines 25--25
[]|\TU/DejaVuSerif(0)/m/n/10.95 2,500 $\OMS/cmsy/m/n/10.95 !$
 []


Underfull \hbox (badness 10000) in paragraph at lines 25--25
\TU/DejaVuSerif(0)/m/n/10.95 3-month
 []


Underfull \hbox (badness 10000) in paragraph at lines 25--26
[]|\TU/DejaVuSerif(0)/m/n/10.95 10,000-user gate
 []


Underfull \hbox (badness 2277) in paragraph at lines 25--26
\TU/DejaVuSerif(0)/m/n/10.95 trigger. Do not
 []


Underfull \hbox (badness 1281) in paragraph at lines 25--26
\TU/DejaVuSerif(0)/m/n/10.95 build RTB before
 []


Underfull \hbox (badness 10000) in paragraph at lines 25--26
\TU/DejaVuSerif(0)/m/n/10.95 this. Re-check
 []


Underfull \hbox (badness 1817) in paragraph at lines 25--26
\TU/DejaVuSerif(0)/m/n/10.95 IdleAds rev-share
 []


Underfull \hbox (badness 10000) in paragraph at lines 25--26
\TU/DejaVuSerif(0)/m/n/10.95 pressure (Risk
 []


Underfull \hbox (badness 5274) in paragraph at lines 26--26
[]|\TU/DejaVuSerif(0)/m/n/10.95 4 – En-
 []


Underfull \hbox (badness 10000) in paragraph at lines 26--26
\TU/DejaVuSerif(0)/m/n/10.95 ter-
 []


Overfull \hbox (45.44221pt too wide) in paragraph at lines 26--26
\TU/DejaVuSerif(0)/m/n/10.95 prise/partnership
 []


Underfull \hbox (badness 10000) in paragraph at lines 26--26
\TU/DejaVuSerif(0)/m/n/10.95 explo-
 []


Underfull \hbox (badness 10000) in paragraph at lines 26--26
[]|\TU/DejaVuSerif(0)/m/n/10.95 Month
 []


Underfull \hbox (badness 10000) in paragraph at lines 26--26
\TU/DejaVuSerif(0)/m/n/10.95 10–15
 []


Underfull \hbox (badness 10000) in paragraph at lines 26--26
\TU/DejaVuSerif(0)/m/n/10.95 (over-
 []


Underfull \hbox (badness 10000) in paragraph at lines 26--26
\TU/DejaVuSerif(0)/m/n/10.95 laps
 []


Underfull \hbox (badness 10000) in paragraph at lines 26--26
\TU/DejaVuSerif(0)/m/n/10.95 Phase
 []


Overfull \hbox (7.74118pt too wide) in paragraph at lines 26--26
[]|\TU/DejaVuSerif(0)/m/n/10.95 (advertiser-
 []


Underfull \hbox (badness 2856) in paragraph at lines 26--26
[]|\TU/DejaVuSerif(0)/m/n/10.95 First out-
 []


Underfull \hbox (badness 10000) in paragraph at lines 26--26
\TU/DejaVuSerif(0)/m/n/10.95 bound
 []


Underfull \hbox (badness 10000) in paragraph at lines 26--26
\TU/DejaVuSerif(0)/m/n/10.95 to cloud-
 []


Underfull \hbox (badness 10000) in paragraph at lines 26--26
\TU/DejaVuSerif(0)/m/n/10.95 provider
 []


Underfull \hbox (badness 4193) in paragraph at lines 26--26
\TU/DejaVuSerif(0)/m/n/10.95 India De-
 []


Underfull \hbox (badness 10000) in paragraph at lines 26--26
\TU/DejaVuSerif(0)/m/n/10.95 vRel +
 []


Underfull \hbox (badness 10000) in paragraph at lines 26--26
\TU/DejaVuSerif(0)/m/n/10.95 SaaS
 []


Underfull \hbox (badness 10000) in paragraph at lines 26--26
\TU/DejaVuSerif(0)/m/n/10.95 (Razor-
 []


Overfull \hbox (83.13469pt too wide) in paragraph at lines 26--26
\TU/DejaVuSerif(0)/m/n/10.95 pay/Postman/Freshworks
 []


Underfull \hbox (badness 3333) in paragraph at lines 26--27
\TU/DejaVuSerif(0)/m/n/10.95 enterprise before
 []


Underfull \hbox (badness 1642) in paragraph at lines 26--27
\TU/DejaVuSerif(0)/m/n/10.95 Month 9. Gate:
 []


Underfull \hbox (badness 1024) in paragraph at lines 26--27
\OMS/cmsy/m/n/10.95 ^^U$\TU/DejaVuSerif(0)/m/n/10.95 8 paying adver-
 []


Underfull \hbox (badness 10000) in paragraph at lines 27--27
[]|\TU/DejaVuSerif(0)/m/n/10.95 5 –
 []


Underfull \hbox (badness 10000) in paragraph at lines 27--27
\TU/DejaVuSerif(0)/m/n/10.95 Global
 []


Underfull \hbox (badness 10000) in paragraph at lines 27--27
\TU/DejaVuSerif(0)/m/n/10.95 Phase
 []


Underfull \hbox (badness 10000) in paragraph at lines 27--27
\TU/DejaVuSerif(0)/m/n/10.95 2 gate-
 []


Underfull \hbox (badness 10000) in paragraph at lines 27--27
[]|\TU/DejaVuSerif(0)/m/n/10.95 Month
 []


Underfull \hbox (badness 10000) in paragraph at lines 27--27
\TU/DejaVuSerif(0)/m/n/10.95 12
 []


Underfull \hbox (badness 10000) in paragraph at lines 27--27
\TU/DejaVuSerif(0)/m/n/10.95 (check-
 []


Underfull \hbox (badness 10000) in paragraph at lines 27--27
\TU/DejaVuSerif(0)/m/n/10.95 point,
 []


Underfull \hbox (badness 10000) in paragraph at lines 27--27
\TU/DejaVuSerif(0)/m/n/10.95 not
 []


Underfull \hbox (badness 10000) in paragraph at lines 27--27
[]|\TU/DejaVuSerif(0)/m/n/10.95 India
 []


Underfull \hbox (badness 10000) in paragraph at lines 27--27
\TU/DejaVuSerif(0)/m/n/10.95 10,000+
 []


Underfull \hbox (badness 10000) in paragraph at lines 27--27
[]|\TU/DejaVuSerif(0)/m/n/10.95 India
 []


Underfull \hbox (badness 10000) in paragraph at lines 27--27
\TU/DejaVuSerif(0)/m/n/10.95 Tier-2
 []


Underfull \hbox (badness 3568) in paragraph at lines 27--27
\TU/DejaVuSerif(0)/m/n/10.95 live, 15+
 []


Underfull \hbox (badness 10000) in paragraph at lines 27--27
\TU/DejaVuSerif(0)/m/n/10.95 advertis-
 []


Underfull \hbox (badness 10000) in paragraph at lines 27--28
[]|\TU/DejaVuSerif(0)/m/n/10.95 Global unlocks
 []


Underfull \hbox (badness 3826) in paragraph at lines 27--28
\TU/DejaVuSerif(0)/m/n/10.95 only if (a) India
 []


Underfull \hbox (badness 1112) in paragraph at lines 27--28
\TU/DejaVuSerif(0)/m/n/10.95 Tier-2 live & liq-
 []


Underfull \hbox (badness 10000) in paragraph at lines 27--28
\TU/DejaVuSerif(0)/m/n/10.95 advertiser co-
 []


Underfull \hbox (badness 1184) in paragraph at lines 27--28
\TU/DejaVuSerif(0)/m/n/10.95 hort renewed 2+
 []


Underfull \hbox (badness 10000) in paragraph at lines 27--28
\TU/DejaVuSerif(0)/m/n/10.95 has standalone
 []


Underfull \hbox (badness 1087) in paragraph at lines 27--28
\TU/DejaVuSerif(0)/m/n/10.95 yond UPI access.
 []


Underfull \hbox (badness 10000) in paragraph at lines 28--28
[]|\TU/DejaVuSerif(0)/m/n/10.95 6 –
 []


Underfull \hbox (badness 10000) in paragraph at lines 28--28
\TU/DejaVuSerif(0)/m/n/10.95 Global
 []


Underfull \hbox (badness 10000) in paragraph at lines 28--28
\TU/DejaVuSerif(0)/m/n/10.95 Phase
 []


Underfull \hbox (badness 10000) in paragraph at lines 28--28
\TU/DejaVuSerif(0)/m/n/10.95 2 build
 []


Underfull \hbox (badness 10000) in paragraph at lines 28--28
\TU/DejaVuSerif(0)/m/n/10.95 (condi-
 []


Underfull \hbox (badness 10000) in paragraph at lines 28--28
[]|\TU/DejaVuSerif(0)/m/n/10.95 Month
 []


Underfull \hbox (badness 10000) in paragraph at lines 28--28
[]|\TU/DejaVuSerif(0)/m/n/10.95 First 1–2
 []


Underfull \hbox (badness 10000) in paragraph at lines 28--28
\TU/DejaVuSerif(0)/m/n/10.95 vertisers
 []


Underfull \hbox (badness 10000) in paragraph at lines 28--28
\TU/DejaVuSerif(0)/m/n/10.95 at $5–8
 []


Underfull \hbox (badness 10000) in paragraph at lines 28--28
\TU/DejaVuSerif(0)/m/n/10.95 CPM-
 []


Overfull \hbox (1.28775pt too wide) in paragraph at lines 28--28
\TU/DejaVuSerif(0)/m/n/10.95 equivalent| 
 []


Underfull \hbox (badness 10000) in paragraph at lines 28--29
\TU/DejaVuSerif(0)/m/n/10.95 bar (1+ paid-
 []


Underfull \hbox (badness 10000) in paragraph at lines 28--29
\TU/DejaVuSerif(0)/m/n/10.95 and-renewed
 []


Underfull \hbox (badness 1152) in paragraph at lines 28--29
\TU/DejaVuSerif(0)/m/n/10.95 advertiser + real
 []


Underfull \hbox (badness 10000) in paragraph at lines 28--29
\TU/DejaVuSerif(0)/m/n/10.95 retention) within
 []


Underfull \hbox (badness 10000) in paragraph at lines 29--29
[]|\TU/DejaVuSerif(0)/m/n/10.95 7 –
 []


Underfull \hbox (badness 10000) in paragraph at lines 29--29
\TU/DejaVuSerif(0)/m/n/10.95 Steady-
 []


Underfull \hbox (badness 10000) in paragraph at lines 29--29
\TU/DejaVuSerif(0)/m/n/10.95 state /
 []


Underfull \hbox (badness 10000) in paragraph at lines 29--29
\TU/DejaVuSerif(0)/m/n/10.95 Series
 []


Underfull \hbox (badness 7613) in paragraph at lines 29--29
\TU/DejaVuSerif(0)/m/n/10.95 A readi-
 []


Underfull \hbox (badness 10000) in paragraph at lines 29--29
[]|\TU/DejaVuSerif(0)/m/n/10.95 Month
 []


Underfull \hbox (badness 10000) in paragraph at lines 29--29
[]|\TU/DejaVuSerif(0)/m/n/10.95 India
 []


Underfull \hbox (badness 10000) in paragraph at lines 29--29
\TU/DejaVuSerif(0)/m/n/10.95 25K–50K;
 []


Underfull \hbox (badness 3536) in paragraph at lines 29--29
\TU/DejaVuSerif(0)/m/n/10.95 Global (if
 []


Underfull \hbox (badness 10000) in paragraph at lines 29--29
\TU/DejaVuSerif(0)/m/n/10.95 triggered)
 []


Underfull \hbox (badness 10000) in paragraph at lines 29--29
[]|\TU/DejaVuSerif(0)/m/n/10.95 Tier-2
 []


Underfull \hbox (badness 10000) in paragraph at lines 29--29
\TU/DejaVuSerif(0)/m/n/10.95 auction
 []


Underfull \hbox (badness 10000) in paragraph at lines 29--29
\TU/DejaVuSerif(0)/m/n/10.95 handles
 []


Underfull \hbox (badness 10000) in paragraph at lines 29--29
\TU/DejaVuSerif(0)/m/n/10.95 majority;
 []


Underfull \hbox (badness 10000) in paragraph at lines 29--29
\TU/DejaVuSerif(0)/m/n/10.95 enter-
 []


Overfull \hbox (39.75175pt too wide) in paragraph at lines 29--29
\TU/DejaVuSerif(0)/m/n/10.95 prise/partnership
 []


Underfull \hbox (badness 10000) in paragraph at lines 29--30
[]|\TU/DejaVuSerif(0)/m/n/10.95 Real seed/Series
 []


Underfull \hbox (badness 10000) in paragraph at lines 29--30
\TU/DejaVuSerif(0)/m/n/10.95 A conversation
 []


Underfull \hbox (badness 10000) in paragraph at lines 29--30
\TU/DejaVuSerif(0)/m/n/10.95 becomes plausi-
 []


Underfull \hbox (badness 7256) in paragraph at lines 29--30
\TU/DejaVuSerif(0)/m/n/10.95 renewal data, a
 []


Underfull \hbox (badness 2512) in paragraph at lines 29--30
\TU/DejaVuSerif(0)/m/n/10.95 geos, or a clear
 []


LaTeX Warning: Float too large for page by 292.48729pt on input line 32.


Underfull \hbox (badness 10000) in paragraph at lines 145--145
 [][]\TU/DejaVuSerif(0)/m/n/6 Phase 0 – Sprint
 []


Underfull \hbox (badness 10000) in paragraph at lines 145--145
 [][]\TU/DejaVuSerif(0)/m/n/6 Phase 1 – Prove the loop
 []


Underfull \hbox (badness 10000) in paragraph at lines 145--145
 [][]\TU/DejaVuSerif(0)/m/n/6 Phase 2 – Local traction
 []


Underfull \hbox (badness 10000) in paragraph at lines 145--145
 [][]\TU/DejaVuSerif(0)/m/n/6 Phase 3 – Campus + community
 []


Underfull \hbox (badness 10000) in paragraph at lines 145--145
 [][]\TU/DejaVuSerif(0)/m/n/6 Phase 4 – Enterprise exploration
 []


Underfull \hbox (badness 10000) in paragraph at lines 145--145
 [][]\TU/DejaVuSerif(0)/m/n/6 Phase 5 – Global gate-check
 []


Underfull \hbox (badness 10000) in paragraph at lines 145--145
 [][]\TU/DejaVuSerif(0)/m/n/6 Phase 6 – Global build (cond.)
 []


Underfull \hbox (badness 10000) in paragraph at lines 145--145
 [][]\TU/DejaVuSerif(0)/m/n/6 Phase 7 – Steady-state / Series A
 []

[81

] [82]) (./chapters/12_appendices.tex [83]
Chapter 12.

Overfull \hbox (0.2834pt too wide) in paragraph at lines 8--13
[]\TU/DejaVuSerif(0)/m/n/10.95 The category Devorix operates in: placing a spon
sor mes-
 []


Overfull \hbox (7.75003pt too wide) in paragraph at lines 50--56
[]\TU/DejaVuSerif(0)/m/n/10.95 The three rungs of the locked hybrid pricing lad
der. \TU/DejaVuSerif(0)/b/n/10.95 Tier 0\TU/DejaVuSerif(0)/m/n/10.95 :
 []

[84

]
Overfull \hbox (57.3946pt too wide) in paragraph at lines 83--85
[]\TU/DejaVuSerif(0)/m/n/10.95 The payout provider; its Payouts API executes au
tomated UPI/IMPS/NEFT/RTGS
 []


Overfull \hbox (12.12364pt too wide) in paragraph at lines 91--95
[]\TU/DejaVuSerif(0)/m/n/10.95 The architectural rule that raw impression event
s
 []

[85]
Underfull \hbox (badness 10000) in paragraph at lines 133--133
[]|\TU/DejaVuSerif(0)/m/n/10 Model = ads-to-devs
 []


Underfull \hbox (badness 10000) in paragraph at lines 135--135
[]|\TU/DejaVuSerif(0)/m/n/10 First tool = Claude
 []


Underfull \hbox (badness 10000) in paragraph at lines 135--135
\TU/DejaVuSerif(0)/m/n/10 Code; client = non-
 []


Underfull \hbox (badness 10000) in paragraph at lines 136--137
[]|\TU/DejaVuSerif(0)/m/n/10 Enterprise-safe, avoids
 []


Underfull \hbox (badness 10000) in paragraph at lines 138--138
[]|\TU/DejaVuSerif(0)/m/n/10 Payout rail = RazorpayX
 []


Underfull \hbox (badness 10000) in paragraph at lines 138--141
[]|\TU/DejaVuSerif(0)/m/n/10 Re-verified 2026-06-
 []


Underfull \hbox (badness 10000) in paragraph at lines 138--141
\TU/DejaVuSerif(0)/m/n/10 28: RazorpayX Pay-
 []


Underfull \hbox (badness 10000) in paragraph at lines 138--141
\TU/DejaVuSerif(0)/m/n/10 outs API confirmed
 []


Underfull \hbox (badness 10000) in paragraph at lines 138--141
\TU/DejaVuSerif(0)/m/n/10 to support automated
 []


Underfull \hbox (badness 10000) in paragraph at lines 138--141
\TU/DejaVuSerif(0)/m/n/10 UPI/IMPS/NEFT/RTGS,
 []


Underfull \hbox (badness 2359) in paragraph at lines 147--147
[]|\TU/DejaVuSerif(0)/m/n/10 Adopt 3 Gemini prototype
 []


Underfull \hbox (badness 10000) in paragraph at lines 147--150
\TU/DejaVuSerif(0)/m/n/10 Wait-State Coach (P1),
 []


Underfull \hbox (badness 10000) in paragraph at lines 147--150
\TU/DejaVuSerif(0)/m/n/10 core ad-serving/ledger
 []


Underfull \hbox (badness 10000) in paragraph at lines 147--150
\TU/DejaVuSerif(0)/m/n/10 must not depend on
 []


Underfull \hbox (badness 1033) in paragraph at lines 151--151
[]|\TU/DejaVuSerif(0)/m/n/10 Entity/brand = “Devorix” /
 []


Underfull \hbox (badness 10000) in paragraph at lines 151--151
[]|\TU/DejaVuSerif(0)/b/n/10 DECIDED
 []


Underfull \hbox (badness 10000) in paragraph at lines 151--155
[]|\TU/DejaVuSerif(0)/m/n/10 Renamed from “Async
 []


Underfull \hbox (badness 1331) in paragraph at lines 151--155
\TU/DejaVuSerif(0)/m/n/10 Returns” / “ASYNC.” on
 []


Underfull \hbox (badness 6859) in paragraph at lines 151--155
\TU/DejaVuSerif(0)/m/n/10 explicit call. Domain
 []


Underfull \hbox (badness 1694) in paragraph at lines 151--155
\TU/DejaVuSerif(0)/m/n/10 placeholder used across
 []


Underfull \hbox (badness 10000) in paragraph at lines 151--155
\TU/DejaVuSerif(0)/m/n/10 docs/code: devorix.ai
 []


Underfull \hbox (badness 7203) in paragraph at lines 151--155
\TU/DejaVuSerif(0)/m/n/10 — not yet verified as
 []


Underfull \hbox (badness 1796) in paragraph at lines 156--156
[]|\TU/DejaVuSerif(0)/m/n/10 Budget/runway $\OMS/cmsy/m/n/10 ^^T$ \TU/DejaVuSer
if(0)/m/n/10 ₹1 lakh,
 []


Underfull \hbox (badness 10000) in paragraph at lines 159--161
[]|\TU/DejaVuSerif(0)/m/n/10 Re-verified 2026-06-28,
 []


Overfull \hbox (1.34369pt too wide) in paragraph at lines 162--162
[]|\TU/DejaVuSerif(0)/m/n/10 10| 
 []


Underfull \hbox (badness 10000) in paragraph at lines 163--164
[]|\TU/DejaVuSerif(0)/m/n/10 Re-verified 2026-06-28,
 []


Overfull \hbox (1.34369pt too wide) in paragraph at lines 165--165
[]|\TU/DejaVuSerif(0)/m/n/10 11| 
 []


Underfull \hbox (badness 10000) in paragraph at lines 165--165
[]|\TU/DejaVuSerif(0)/b/n/10 DECIDED
 []


Underfull \hbox (badness 10000) in paragraph at lines 165--168
\TU/DejaVuSerif(0)/m/n/10 FINANCIAL_MODEL’s
 []


Underfull \hbox (badness 3354) in paragraph at lines 165--168
\TU/DejaVuSerif(0)/m/n/10 40/60 and 01/03’s “60-
 []


Overfull \hbox (1.34369pt too wide) in paragraph at lines 169--169
[]|\TU/DejaVuSerif(0)/m/n/10 12| 
 []


Underfull \hbox (badness 10000) in paragraph at lines 169--169
[]|\TU/DejaVuSerif(0)/b/n/10 Geographic sequenc-
 []


Underfull \hbox (badness 10000) in paragraph at lines 170--170
[]|\TU/DejaVuSerif(0)/b/n/10 DECIDED
 []


Overfull \hbox (1.34369pt too wide) in paragraph at lines 173--173
[]|\TU/DejaVuSerif(0)/m/n/10 13| 
 []


Underfull \hbox (badness 10000) in paragraph at lines 173--173
[]|\TU/DejaVuSerif(0)/b/n/10 DECIDED
 []


Underfull \hbox (badness 10000) in paragraph at lines 173--176
[]|\TU/DejaVuSerif(0)/m/n/10 Overrides ₹500 (05)
 []


Underfull \hbox (badness 10000) in paragraph at lines 173--176
\TU/DejaVuSerif(0)/m/n/10 and ₹250 (PRIC-
 []


Overfull \hbox (1.34369pt too wide) in paragraph at lines 177--177
[]|\TU/DejaVuSerif(0)/m/n/10 14| 
 []


Underfull \hbox (badness 2368) in paragraph at lines 177--180
[]|\TU/DejaVuSerif(0)/b/n/10 Pricing model = hybrid
 []


Underfull \hbox (badness 6526) in paragraph at lines 177--180
\TU/DejaVuSerif(0)/b/n/10 ladder \TU/DejaVuSerif(0)/m/n/10 — Tier 0 (house
 []


Underfull \hbox (badness 2189) in paragraph at lines 177--180
\OMS/cmsy/m/n/10 !$ \TU/DejaVuSerif(0)/m/n/10 Tier 1 (real fixed-price
 []


Underfull \hbox (badness 10000) in paragraph at lines 180--180
[]|\TU/DejaVuSerif(0)/b/n/10 DECIDED
 []


Overfull \hbox (1.34369pt too wide) in paragraph at lines 183--183
[]|\TU/DejaVuSerif(0)/m/n/10 15| 
 []


Underfull \hbox (badness 10000) in paragraph at lines 183--184
[]|\TU/DejaVuSerif(0)/b/n/10 Billable impression
 []


Underfull \hbox (badness 1917) in paragraph at lines 183--184
\TU/DejaVuSerif(0)/b/n/10 length = 5 seconds for
 []


Underfull \hbox (badness 10000) in paragraph at lines 184--184
[]|\TU/DejaVuSerif(0)/b/n/10 DECIDED
 []


Underfull \hbox (badness 10000) in paragraph at lines 184--184
\TU/DejaVuSerif(0)/b/n/10 FINAL for
 []


Underfull \hbox (badness 3078) in paragraph at lines 185--186
[]|\TU/DejaVuSerif(0)/m/n/10 Founder asked to com-
 []


Overfull \hbox (1.34369pt too wide) in paragraph at lines 187--187
[]|\TU/DejaVuSerif(0)/m/n/10 16| 
 []


Underfull \hbox (badness 10000) in paragraph at lines 187--187
[]|\TU/DejaVuSerif(0)/b/n/10 RE-
 []


Underfull \hbox (badness 10000) in paragraph at lines 187--187
\TU/DejaVuSerif(0)/b/n/10 VERIFIED
 []


Underfull \hbox (badness 10000) in paragraph at lines 188--191
[]|\TU/DejaVuSerif(0)/m/n/10 Live mid-market
 []


Underfull \hbox (badness 10000) in paragraph at lines 188--191
\TU/DejaVuSerif(0)/m/n/10 ₹86 (00), ₹83 (PRIC-
 []


Underfull \hbox (badness 10000) in paragraph at lines 188--191
\TU/DejaVuSerif(0)/m/n/10 ING_ARCHITECTURE,
 []


Underfull \hbox (badness 10000) in paragraph at lines 188--191
\TU/DejaVuSerif(0)/m/n/10 FINANCIAL_MODEL);
 []


Overfull \hbox (1.34369pt too wide) in paragraph at lines 192--192
[]|\TU/DejaVuSerif(0)/m/n/10 17| 
 []


Underfull \hbox (badness 10000) in paragraph at lines 193--193
[]|\TU/DejaVuSerif(0)/m/n/10 Founder
 []


Underfull \hbox (badness 10000) in paragraph at lines 193--193
\TU/DejaVuSerif(0)/m/n/10 constraint,
 []


Underfull \hbox (badness 10000) in paragraph at lines 193--193
\TU/DejaVuSerif(0)/m/n/10 newly con-
 []


Overfull \hbox (1.34369pt too wide) in paragraph at lines 195--195
[]|\TU/DejaVuSerif(0)/m/n/10 18| 
 []


Underfull \hbox (badness 10000) in paragraph at lines 195--196
[]|\TU/DejaVuSerif(0)/b/n/10 Tier-1 rate-card CPM
 []


Underfull \hbox (badness 10000) in paragraph at lines 196--196
[]|\TU/DejaVuSerif(0)/b/n/10 DECIDED
 []


Underfull \hbox (badness 10000) in paragraph at lines 196--196
\TU/DejaVuSerif(0)/b/n/10 FINAL
 []


Underfull \hbox (badness 10000) in paragraph at lines 196--196
\TU/DejaVuSerif(0)/b/n/10 (planning
 []


Underfull \hbox (badness 3646) in paragraph at lines 196--201
[]|\TU/DejaVuSerif(0)/m/n/10 Replaces $8/$15 (PRIC-
 []


Underfull \hbox (badness 10000) in paragraph at lines 196--201
\TU/DejaVuSerif(0)/m/n/10 ING_ARCHITECTURE)
 []


Underfull \hbox (badness 10000) in paragraph at lines 196--201
\TU/DejaVuSerif(0)/m/n/10 and $5$\OMS/cmsy/m/n/10 !$\TU/DejaVuSerif(0)/m/n/10 $
10-12 (FI-
 []


Underfull \hbox (badness 10000) in paragraph at lines 196--201
\TU/DejaVuSerif(0)/m/n/10 NANCIAL_MODEL) —
 []


Underfull \hbox (badness 10000) in paragraph at lines 196--201
\TU/DejaVuSerif(0)/m/n/10 anchored to the one
 []


Underfull \hbox (badness 10000) in paragraph at lines 196--201
\TU/DejaVuSerif(0)/m/n/10 independently-audited
 []


Underfull \hbox (badness 4981) in paragraph at lines 196--201
\TU/DejaVuSerif(0)/m/n/10 Full reasoning in §5.4.
 []


Underfull \hbox (badness 10000) in paragraph at lines 196--201
\TU/DejaVuSerif(0)/m/n/10 Tagged \TU/DejaVuSerif(0)/m/it/10 Assumption \TU/Deja
VuSerif(0)/m/n/10 —
 []

[86] [87]
Overfull \hbox (4.46437pt too wide) in paragraph at lines 213--219
[]\TU/DejaVuSerif(0)/m/n/10.95 Named, on-record, or independently multi-sourced
. These are claims
 []

[88]) [89] (./main.bbl
Underfull \hbox (badness 1122) in paragraph at lines 18--23
[]\TU/DejaVuSerif(0)/m/n/10.95 Anthropic.  Claude code revenue and adoption dis
closures.  [][]$[][][][][] [] [] [] [][][] []
 []


Underfull \hbox (badness 6658) in paragraph at lines 41--46
[]\TU/DejaVuSerif(0)/m/n/10.95 Anysphere (Cursor).  Cursor funding announcement
: $29.3b valuation
 []


Underfull \hbox (badness 10000) in paragraph at lines 41--46
\TU/DejaVuSerif(0)/m/n/10.95 and annualized revenue disclosure.  [][]$[][][][][
] [] [] [] [][][] [] [][][][][][] [] [][][] [] [][][][] []
 []


Overfull \hbox (60.39676pt too wide) in paragraph at lines 48--54
[][][][][][] [] [][][] [] [][][][][][][][][][][][][][][][][][][][][][][][][][][
][][][][][][][][][][][][][][][][][][][][][][][][][][][][][][][][][][][][][][][]
[][][][][][][]$[][]\TU/DejaVuSerif(0)/m/n/10.95 ,
 []


Underfull \hbox (badness 10000) in paragraph at lines 75--81
[]\TU/DejaVuSerif(0)/m/n/10.95 Creative Nexus.  Razorpay kyc process: Step-by-s
tep
 []


Underfull \hbox (badness 10000) in paragraph at lines 75--81
\TU/DejaVuSerif(0)/m/n/10.95 guide for 2026.  [][]$[][][][][] [] [] [] [][][][]
[][][][][][][][][] [] [][] [] [][][][] []
 []


Underfull \hbox (badness 2050) in paragraph at lines 75--81
[][][][][][][][][][][][][][][][][][][][][][][][][][][][][][][][][][][][][][][][
][][][][][][][][][][][][][][][][][]$[][]\TU/DejaVuSerif(0)/m/n/10.95 , 2026.  A
ccessed
 []

[90


]
Underfull \hbox (badness 7203) in paragraph at lines 146--151
[]\TU/DejaVuSerif(0)/m/n/10.95 Fortune Business Insights.  Developer tools mark
et size, growth and
 []


Underfull \hbox (badness 10000) in paragraph at lines 146--151
\TU/DejaVuSerif(0)/m/n/10.95 forecast to 2031.  [][]$[][][][][] [] [] [] [][][]
 [] [][][][][][][][][][][][][][][][][][][][][][][] [] [][][] []
 []


Underfull \hbox (badness 10000) in paragraph at lines 168--174
[] [] [][][][][][] [] [][][][] [] [][][][][][][][][][][][][][] [] [][][][][][][
][][] [] [][][][][][][][][][][][][][][][][][][][][][][][][][][][][][]$[][]\TU/D
ejaVuSerif(0)/m/n/10.95 ,
 []


Underfull \hbox (badness 3492) in paragraph at lines 191--197
[]\TU/DejaVuSerif(0)/m/n/10.95 Grand View Research.  Ai code tools market size,
 share & trends re-
 []

[91]
Underfull \hbox (badness 6032) in paragraph at lines 290--294
[]\TU/DejaVuSerif(0)/m/n/10.95 Andrew McCalip.  kickbacks.ai (github mirror).  
[][]$[][][][][] [] [] [] [][][][][][] [] [][][] []
 []


Underfull \hbox (badness 5231) in paragraph at lines 296--302
[]\TU/DejaVuSerif(0)/m/n/10.95 McKinsey & Company.  The agentic economy: Sizing
 the opportunity
 []


Underfull \hbox (badness 2932) in paragraph at lines 296--302
\TU/DejaVuSerif(0)/m/n/10.95 through 2030.  [][]$[][][][][] [] [] [] [][][] [] 
[][][][][][][][] [] [][][] [] [][][][][][][][][][][][] [] [][][][][][][][][][][
][] []
 []


Underfull \hbox (badness 1590) in paragraph at lines 304--310
[]\TU/DejaVuSerif(0)/m/n/10.95 Modern Treasury.  How to build a digital wallet 
product.  [][]$[][][][][] [] [] [] [][][] []
 []


Underfull \hbox (badness 10000) in paragraph at lines 304--310
[][][][][][][][][][][][][][] [] [][][] [] [][][][][][][] [] [][][][][][][][][][
][][][][][][][][][][][][][][][][][][][][][][][][][][][][][][][][][]$[][]\TU/Dej
aVuSerif(0)/m/n/10.95 ,
 []

[92]
Underfull \hbox (badness 1552) in paragraph at lines 346--351
[]\TU/DejaVuSerif(0)/m/n/10.95 Razorpay.  Razorpayx webhooks.  [][]$[][][][][] 
[] [] [] [][][][][][][][] [] [][][] [] [][][][] [] [][][][][][][][][] []
 []


Underfull \hbox (badness 1248) in paragraph at lines 353--359
[][][] [] [][][][] [] [][][] [] [] [] [][][][][][][] [] [][][][][][] [] [][][][
]$[][]\TU/DejaVuSerif(0)/m/n/10.95 , 2026e.  Re-verified for automated
 []


Underfull \hbox (badness 10000) in paragraph at lines 361--365
[]\TU/DejaVuSerif(0)/m/n/10.95 Refgrow.  Stripe connect accounts.  [][]$[][][][
][] [] [] [] [][][][][][][] [] [][][] [] [][][][] []
 []


Underfull \hbox (badness 10000) in paragraph at lines 367--374
[]\TU/DejaVuSerif(0)/m/n/10.95 Satya Nadella.  Remarks on india becoming github
’s largest devel-
 []


Underfull \hbox (badness 10000) in paragraph at lines 367--374
\TU/DejaVuSerif(0)/m/n/10.95 oper community by 2030.  [][]$[][][][][] [] [] [] 
[][][][] [] [][][][][][][][][] [] [][][] [] [][][][][][] []
 []


Overfull \hbox (247.48544pt too wide) in paragraph at lines 384--391
[][][][][][][][][][][][][][][][][][][][][][][][][][][][][][][][][][][][][][][][
][][][][][][][][][][][][][][][][][][][][][][][][][][][][][][][][][][][][][][][]
[][][][][][][][][][][][][][][][][][][][][][][][][][][][][][][][][][][][][][]$[]
[]\TU/DejaVuSerif(0)/m/n/10.95 ,
 []


Underfull \hbox (badness 10000) in paragraph at lines 408--416
[][][] [] [][][][][][][][][] [] [][][][][][][][][][][][][][][][][][][][][][][][
][][][][][][][][][][][][][][][][][][][][][][][][][][]$[][]\TU/DejaVuSerif(0)/m/
n/10.95 , 2026.
 []

[93]) [94] (./main.aux)
Package rerunfilecheck Info: File `main.out' has not changed.
(rerunfilecheck)             Checksum: E2DD15890B18C22A6B0ACAA8DAA22A37;25497.
 ) 
Here is how much of TeX's memory you used:
 40458 strings out of 478190
 995632 string characters out of 5854828
 1519112 words of memory out of 5000000
 60391 multiletter control sequences out of 15000+600000
 474858 words of font info for 104 fonts, out of 8000000 for 9000
 14 hyphenation exceptions out of 8191
 83i,17n,83p,1295b,2282s stack positions out of 5000i,500n,10000p,200000b,80000s

Output written on main.pdf (95 pages).
